reward,throughput_reward,equity_penalty,equity_gap_steps,safety_violation_rate,filter_block_rate,discharged,method,seed,episode
164.9721141358642,164.9721141358642,0.0,0.22173990393168475,0.20833333333333334,0.0,765,HC-MARL-NoFilter,0,0
169.60338834802158,169.60338834802158,0.0,0.2311372549019608,0.34375,0.0,839,HC-MARL-NoFilter,0,1
180.7193214680916,180.7193214680916,0.0,0.3765691837625491,0.28125,0.0,776,HC-MARL-NoFilter,0,2
172.77523333176967,172.77523333176967,0.0,0.10935569285083846,0.15625,0.0,774,HC-MARL-NoFilter,0,3
176.6307657358308,176.6307657358308,0.0,0.23610610700774634,0.3020833333333333,0.0,830,HC-MARL-NoFilter,0,4
161.45490180664132,161.45490180664132,0.0,0.23628615193290567,0.11458333333333333,0.0,739,HC-MARL-NoFilter,0,5
179.33214763908265,179.33214763908265,0.0,0.17335647933424328,0.13541666666666666,0.0,807,HC-MARL-NoFilter,0,6
179.14320527146577,179.14320527146577,0.0,0.2687579214195184,0.4791666666666667,0.0,849,HC-MARL-NoFilter,0,7
168.89494750798727,168.89494750798727,0.0,0.34312839059674505,0.3229166666666667,0.0,737,HC-MARL-NoFilter,0,8
166.32136506303036,166.32136506303036,0.0,0.11163099439821261,0.2708333333333333,0.0,732,HC-MARL-NoFilter,0,9
171.3349044675372,171.3349044675372,0.0,0.22473336136702482,0.3541666666666667,0.0,771,HC-MARL-NoFilter,0,10
165.1463196190634,165.1463196190634,0.0,0.13251879699248115,0.1875,0.0,766,HC-MARL-NoFilter,0,11
175.31749685213296,175.31749685213296,0.0,0.254750656167979,0.34375,0.0,782,HC-MARL-NoFilter,0,12
163.63509173516138,163.63509173516138,0.0,0.10745497696495881,0.2708333333333333,0.0,785,HC-MARL-NoFilter,0,13
176.3269819258828,176.3269819258828,0.0,0.13746770025839788,0.3541666666666667,0.0,818,HC-MARL-NoFilter,0,14
168.41861737527185,168.41861737527185,0.0,0.11193680123184041,0.3333333333333333,0.0,815,HC-MARL-NoFilter,0,15
160.89994258493488,160.89994258493488,0.0,0.36125690607734806,0.16666666666666666,0.0,745,HC-MARL-NoFilter,0,16
168.860574174922,168.860574174922,0.0,0.2820155578776269,0.041666666666666664,0.0,820,HC-MARL-NoFilter,0,17
172.31514783118502,172.31514783118502,0.0,0.09412550066755676,0.3645833333333333,0.0,802,HC-MARL-NoFilter,0,18
166.43352675102673,166.43352675102673,0.0,0.11555815508021394,0.09375,0.0,785,HC-MARL-NoFilter,0,19
156.4365367391896,156.4365367391896,0.0,0.30404341926729983,0.2708333333333333,0.0,778,HC-MARL-NoFilter,0,20
172.48324548284904,172.48324548284904,0.0,0.10234860528978179,0.17708333333333334,0.0,770,HC-MARL-NoFilter,0,21
162.0881098150216,162.0881098150216,0.0,0.26405492342407216,0.21875,0.0,810,HC-MARL-NoFilter,0,22
170.8268862704745,170.8268862704745,0.0,0.29320110499433594,0.3854166666666667,0.0,775,HC-MARL-NoFilter,0,23
169.66748320350104,169.66748320350104,0.0,0.1507496163380947,0.11458333333333333,0.0,822,HC-MARL-NoFilter,0,24
166.73488888562417,166.73488888562417,0.0,0.24128860900484086,0.020833333333333332,0.0,789,HC-MARL-NoFilter,0,25
171.2169817029376,171.2169817029376,0.0,0.11161433172302743,0.15625,0.0,762,HC-MARL-NoFilter,0,26
171.137646133751,171.137646133751,0.0,0.2378766537552191,0.2916666666666667,0.0,806,HC-MARL-NoFilter,0,27
163.5813136205267,163.5813136205267,0.0,0.16365979381443296,0.4166666666666667,0.0,825,HC-MARL-NoFilter,0,28
168.90072855592976,168.90072855592976,0.0,0.20179080179080178,0.10416666666666667,0.0,760,HC-MARL-NoFilter,0,29
178.11975935964907,178.11975935964907,0.0,0.3557932263814617,0.22916666666666666,0.0,772,HC-MARL-NoFilter,0,30
159.3630109583399,159.3630109583399,0.0,0.2527755971739374,0.3229166666666667,0.0,762,HC-MARL-NoFilter,0,31
174.818664305251,174.818664305251,0.0,0.19299692172383467,0.20833333333333334,0.0,796,HC-MARL-NoFilter,0,32
169.92217683524765,169.92217683524765,0.0,0.2839784946236559,0.3229166666666667,0.0,806,HC-MARL-NoFilter,0,33
174.0761363507493,174.0761363507493,0.0,0.30054127440647393,0.3958333333333333,0.0,802,HC-MARL-NoFilter,0,34
168.39301753393673,168.39301753393673,0.0,0.15523059617547807,0.23958333333333334,0.0,765,HC-MARL-NoFilter,0,35
172.23872935174376,172.23872935174376,0.0,0.10261437908496734,0.3645833333333333,0.0,818,HC-MARL-NoFilter,0,36
168.58169472576793,168.58169472576793,0.0,0.40610597140454163,0.1875,0.0,742,HC-MARL-NoFilter,0,37
168.56222057603748,168.56222057603748,0.0,0.06435735759704153,0.3020833333333333,0.0,789,HC-MARL-NoFilter,0,38
169.43739613434312,169.43739613434312,0.0,0.1789282470481381,0.125,0.0,773,HC-MARL-NoFilter,0,39
161.68472388035073,161.68472388035073,0.0,0.32628985290823564,0.15625,0.0,714,HC-MARL-NoFilter,0,40
158.86203626252777,158.86203626252777,0.0,0.23112025769506087,0.14583333333333334,0.0,753,HC-MARL-NoFilter,0,41
159.84808781732536,159.84808781732536,0.0,0.20573560856987128,0.22916666666666666,0.0,793,HC-MARL-NoFilter,0,42
161.2551704953543,161.2551704953543,0.0,0.18367320037435905,0.2708333333333333,0.0,762,HC-MARL-NoFilter,0,43
162.14824329196773,162.14824329196773,0.0,0.0796673286991062,0.20833333333333334,0.0,766,HC-MARL-NoFilter,0,44
162.69373858311164,162.69373858311164,0.0,0.24188004479975278,0.14583333333333334,0.0,784,HC-MARL-NoFilter,0,45
164.81579591117514,164.81579591117514,0.0,0.22807668521954236,0.25,0.0,773,HC-MARL-NoFilter,0,46
177.52652451922268,177.52652451922268,0.0,0.2948593989203126,0.5104166666666666,0.0,863,HC-MARL-NoFilter,0,47
172.73608560234914,172.73608560234914,0.0,0.32916442048517514,0.3125,0.0,788,HC-MARL-NoFilter,0,48
164.90550105531725,164.90550105531725,0.0,0.2284920674640909,0.13541666666666666,0.0,785,HC-MARL-NoFilter,0,49
162.64155555787517,162.64155555787517,0.0,0.24060227389122196,0.25,0.0,777,HC-MARL-NoFilter,0,50
164.92393017113608,164.92393017113608,0.0,0.31630359612724757,0.23958333333333334,0.0,751,HC-MARL-NoFilter,0,51
177.02523566324467,177.02523566324467,0.0,0.1367157974300831,0.25,0.0,811,HC-MARL-NoFilter,0,52
166.0926681959569,166.0926681959569,0.0,0.1425062147889914,0.21875,0.0,754,HC-MARL-NoFilter,0,53
168.12381934865107,168.12381934865107,0.0,0.4330175913396481,0.28125,0.0,792,HC-MARL-NoFilter,0,54
171.17585446459287,171.17585446459287,0.0,0.110879262722123,0.46875,0.0,819,HC-MARL-NoFilter,0,55
164.491134976135,164.491134976135,0.0,0.315398293029872,0.010416666666666666,0.0,760,HC-MARL-NoFilter,0,56
171.9261055959005,171.9261055959005,0.0,0.16781128695132874,0.21875,0.0,820,HC-MARL-NoFilter,0,57
167.7979141332953,167.7979141332953,0.0,0.23913346336026753,0.2708333333333333,0.0,801,HC-MARL-NoFilter,0,58
161.25926045273954,161.25926045273954,0.0,0.298680305278779,0.20833333333333334,0.0,752,HC-MARL-NoFilter,0,59
173.33266285185405,173.33266285185405,0.0,0.2723232858061344,0.3020833333333333,0.0,786,HC-MARL-NoFilter,0,60
172.38190596125585,172.38190596125585,0.0,0.4361803713527852,0.1875,0.0,757,HC-MARL-NoFilter,0,61
173.8815499859617,173.8815499859617,0.0,0.3047249907715024,0.15625,0.0,809,HC-MARL-NoFilter,0,62
168.00675965181193,168.00675965181193,0.0,0.14448275862068966,0.21875,0.0,766,HC-MARL-NoFilter,0,63
158.53116802723417,158.53116802723417,0.0,0.15484735795208854,0.0625,0.0,772,HC-MARL-NoFilter,0,64
158.8479524395023,158.8479524395023,0.0,0.4227169238552998,0.16666666666666666,0.0,775,HC-MARL-NoFilter,0,65
166.24160019117457,166.24160019117457,0.0,0.2699586646647759,0.375,0.0,758,HC-MARL-NoFilter,0,66
167.75760013099222,167.75760013099222,0.0,0.19094710294020045,0.2708333333333333,0.0,794,HC-MARL-NoFilter,0,67
168.5852427773035,168.5852427773035,0.0,0.1897905759162304,0.2604166666666667,0.0,799,HC-MARL-NoFilter,0,68
166.80052001945427,166.80052001945427,0.0,0.164414794798176,0.20833333333333334,0.0,797,HC-MARL-NoFilter,0,69
165.7229586330683,165.7229586330683,0.0,0.36913039745900933,0.2604166666666667,0.0,775,HC-MARL-NoFilter,0,70
170.6453856147722,170.6453856147722,0.0,0.21883251519608715,0.3333333333333333,0.0,835,HC-MARL-NoFilter,0,71
170.2147973223774,170.2147973223774,0.0,0.25370605675561203,0.3125,0.0,825,HC-MARL-NoFilter,0,72
180.82138895074652,180.82138895074652,0.0,0.11051347801613609,0.40625,0.0,848,HC-MARL-NoFilter,0,73
167.12337260885823,167.12337260885823,0.0,0.21805256205242302,0.20833333333333334,0.0,763,HC-MARL-NoFilter,0,74
172.79925597020792,172.79925597020792,0.0,0.22647299898972567,0.23958333333333334,0.0,803,HC-MARL-NoFilter,0,75
172.2877310722473,172.2877310722473,0.0,0.15293189327809836,0.28125,0.0,766,HC-MARL-NoFilter,0,76
169.1439504110441,169.1439504110441,0.0,0.31313355530891596,0.17708333333333334,0.0,811,HC-MARL-NoFilter,0,77
174.88650502275502,174.88650502275502,0.0,0.1905921052631579,0.19791666666666666,0.0,835,HC-MARL-NoFilter,0,78
172.3531663801884,172.3531663801884,0.0,0.434315100514259,0.34375,0.0,757,HC-MARL-NoFilter,0,79
170.9310680564706,170.9310680564706,0.0,0.18778110944527737,0.22916666666666666,0.0,797,HC-MARL-NoFilter,0,80
167.12527223958534,167.12527223958534,0.0,0.08478357875948239,0.2916666666666667,0.0,791,HC-MARL-NoFilter,0,81
174.65519935130223,174.65519935130223,0.0,0.2994034970942884,0.19791666666666666,0.0,759,HC-MARL-NoFilter,0,82
165.37267999501356,165.37267999501356,0.0,0.1691074477166027,0.25,0.0,799,HC-MARL-NoFilter,0,83
161.10258049548491,161.10258049548491,0.0,0.16493620538250942,0.15625,0.0,746,HC-MARL-NoFilter,0,84
165.65163507802828,165.65163507802828,0.0,0.11459543166860242,0.03125,0.0,736,HC-MARL-NoFilter,0,85
178.2493637960337,178.2493637960337,0.0,0.13690750115048322,0.3333333333333333,0.0,849,HC-MARL-NoFilter,0,86
172.1916335360975,172.1916335360975,0.0,0.43703110776281506,0.5208333333333334,0.0,867,HC-MARL-NoFilter,0,87
174.24947451434878,174.24947451434878,0.0,0.27367433593364277,0.3645833333333333,0.0,841,HC-MARL-NoFilter,0,88
156.32685232203156,156.32685232203156,0.0,0.30735106814102936,0.3958333333333333,0.0,778,HC-MARL-NoFilter,0,89
162.82907580759164,162.82907580759164,0.0,0.253832447317655,0.3645833333333333,0.0,818,HC-MARL-NoFilter,0,90
164.49039143046497,164.49039143046497,0.0,0.19603714036429437,0.0625,0.0,757,HC-MARL-NoFilter,0,91
168.29955107598795,168.29955107598795,0.0,0.27027460198739184,0.22916666666666666,0.0,795,HC-MARL-NoFilter,0,92
165.8648954406017,165.8648954406017,0.0,0.16186912300901934,0.20833333333333334,0.0,807,HC-MARL-NoFilter,0,93
172.75158413095335,172.75158413095335,0.0,0.298550071369544,0.2604166666666667,0.0,815,HC-MARL-NoFilter,0,94
174.44660555131145,174.44660555131145,0.0,0.21062205308633108,0.4895833333333333,0.0,770,HC-MARL-NoFilter,0,95
165.21473693961693,165.21473693961693,0.0,0.12545787545787546,0.15625,0.0,763,HC-MARL-NoFilter,0,96
159.39483162520315,159.39483162520315,0.0,0.14211605171870068,0.19791666666666666,0.0,794,HC-MARL-NoFilter,0,97
171.10665953369744,171.10665953369744,0.0,0.3450150013351974,0.3854166666666667,0.0,809,HC-MARL-NoFilter,0,98
162.4903008648558,162.4903008648558,0.0,0.10526315789473684,0.020833333333333332,0.0,754,HC-MARL-NoFilter,0,99
170.81096578192964,170.81096578192964,0.0,0.11047578709586336,0.3541666666666667,0.0,815,HC-MARL-NoFilter,0,100
173.8170025766717,173.8170025766717,0.0,0.1162886774175167,0.4583333333333333,0.0,819,HC-MARL-NoFilter,0,101
167.93665705381648,167.93665705381648,0.0,0.25555555555555554,0.16666666666666666,0.0,758,HC-MARL-NoFilter,0,102
166.0897686401575,166.0897686401575,0.0,0.233922521726322,0.08333333333333333,0.0,752,HC-MARL-NoFilter,0,103
167.24685328152242,167.24685328152242,0.0,0.27724358974358976,0.15625,0.0,785,HC-MARL-NoFilter,0,104
169.6737599358846,169.6737599358846,0.0,0.1469185943846018,0.3333333333333333,0.0,848,HC-MARL-NoFilter,0,105
169.51897908335212,169.51897908335212,0.0,0.288887905474178,0.1875,0.0,784,HC-MARL-NoFilter,0,106
167.1433010835054,167.1433010835054,0.0,0.3387301306437819,0.5,0.0,851,HC-MARL-NoFilter,0,107
172.99032737150185,172.99032737150185,0.0,0.13027186640871602,0.3854166666666667,0.0,865,HC-MARL-NoFilter,0,108
170.1629510927912,170.1629510927912,0.0,0.24923509468287441,0.13541666666666666,0.0,749,HC-MARL-NoFilter,0,109
164.248790758605,164.248790758605,0.0,0.18074960753532182,0.22916666666666666,0.0,812,HC-MARL-NoFilter,0,110
170.8036570540874,170.8036570540874,0.0,0.130952380952381,0.23958333333333334,0.0,813,HC-MARL-NoFilter,0,111
169.4471709287015,169.4471709287015,0.0,0.31084010840108395,0.3125,0.0,808,HC-MARL-NoFilter,0,112
170.68475172638676,170.68475172638676,0.0,0.05261645493042949,0.28125,0.0,794,HC-MARL-NoFilter,0,113
165.01059703368526,165.01059703368526,0.0,0.5624109052031361,0.10416666666666667,0.0,741,HC-MARL-NoFilter,0,114
168.54629685673808,168.54629685673808,0.0,0.1170455029157621,0.19791666666666666,0.0,787,HC-MARL-NoFilter,0,115
170.20843395489095,170.20843395489095,0.0,0.6258513931888545,0.34375,0.0,804,HC-MARL-NoFilter,0,116
165.15658825428287,165.15658825428287,0.0,0.3264588704007499,0.3229166666666667,0.0,792,HC-MARL-NoFilter,0,117
175.99768477566462,175.99768477566462,0.0,0.38088181843598856,0.15625,0.0,785,HC-MARL-NoFilter,0,118
169.47851923875916,169.47851923875916,0.0,0.24054077179772398,0.2708333333333333,0.0,771,HC-MARL-NoFilter,0,119
167.9889212799584,167.9889212799584,0.0,0.16346740412379518,0.2604166666666667,0.0,782,HC-MARL-NoFilter,0,120
168.06158994558896,168.06158994558896,0.0,0.543086500655308,0.40625,0.0,794,HC-MARL-NoFilter,0,121
173.185082613465,173.185082613465,0.0,0.1476664634559371,0.10416666666666667,0.0,800,HC-MARL-NoFilter,0,122
168.21548044684073,168.21548044684073,0.0,0.26609848484848486,0.28125,0.0,741,HC-MARL-NoFilter,0,123
168.95627388048823,168.95627388048823,0.0,0.28092813466322564,0.11458333333333333,0.0,780,HC-MARL-NoFilter,0,124
155.19122610232898,155.19122610232898,0.0,0.2437062937062937,0.09375,0.0,753,HC-MARL-NoFilter,0,125
170.2365903323973,170.2365903323973,0.0,0.1828590959583013,0.21875,0.0,807,HC-MARL-NoFilter,0,126
169.90792769982406,169.90792769982406,0.0,0.05450148809523814,0.1875,0.0,792,HC-MARL-NoFilter,0,127
172.0751824074618,172.0751824074618,0.0,0.29970734562481716,0.2708333333333333,0.0,818,HC-MARL-NoFilter,0,128
170.75742016969954,170.75742016969954,0.0,0.386964886964887,0.25,0.0,754,HC-MARL-NoFilter,0,129
169.10670393052945,169.10670393052945,0.0,0.18641671227878126,0.28125,0.0,794,HC-MARL-NoFilter,0,130
162.14785515546546,162.14785515546546,0.0,0.419034999543087,0.1875,0.0,754,HC-MARL-NoFilter,0,131
167.31236247326797,167.31236247326797,0.0,0.2427880267679508,0.5208333333333334,0.0,819,HC-MARL-NoFilter,0,132
171.40014893603131,171.40014893603131,0.0,0.3046468218882012,0.14583333333333334,0.0,805,HC-MARL-NoFilter,0,133
175.0512509794128,175.0512509794128,0.0,0.2273401572466993,0.1875,0.0,787,HC-MARL-NoFilter,0,134
169.4724033911957,169.4724033911957,0.0,0.22156930521949536,0.25,0.0,801,HC-MARL-NoFilter,0,135
165.36390659048558,165.36390659048558,0.0,0.28025695426685526,0.15625,0.0,734,HC-MARL-NoFilter,0,136
169.25742016323366,169.25742016323366,0.0,0.2815418421534518,0.3020833333333333,0.0,794,HC-MARL-NoFilter,0,137
175.2128714903947,175.2128714903947,0.0,0.3334296947271046,0.34375,0.0,768,HC-MARL-NoFilter,0,138
163.72661452518065,163.72661452518065,0.0,0.15304939881211066,0.15625,0.0,724,HC-MARL-NoFilter,0,139
174.22651523764333,174.22651523764333,0.0,0.2605769230769231,0.3541666666666667,0.0,807,HC-MARL-NoFilter,0,140
163.89753234510584,163.89753234510584,0.0,0.20597282748013324,0.03125,0.0,757,HC-MARL-NoFilter,0,141
173.1136793832673,173.1136793832673,0.0,0.23359939016187614,0.23958333333333334,0.0,801,HC-MARL-NoFilter,0,142
158.00697890280514,158.00697890280514,0.0,0.29060525779498675,0.28125,0.0,735,HC-MARL-NoFilter,0,143
167.24950428398566,167.24950428398566,0.0,0.16165912283439987,0.21875,0.0,762,HC-MARL-NoFilter,0,144
172.8021060443255,172.8021060443255,0.0,0.09762680108845967,0.2708333333333333,0.0,808,HC-MARL-NoFilter,0,145
174.26391597781304,174.26391597781304,0.0,0.12243323576793047,0.25,0.0,799,HC-MARL-NoFilter,0,146
168.6076482444097,168.6076482444097,0.0,0.23611111111111113,0.19791666666666666,0.0,770,HC-MARL-NoFilter,0,147
172.41050493215926,172.41050493215926,0.0,0.13919935474313178,0.11458333333333333,0.0,785,HC-MARL-NoFilter,0,148
169.50586365002388,169.50586365002388,0.0,0.1794810417464573,0.375,0.0,763,HC-MARL-NoFilter,0,149
168.4502822392905,168.4502822392905,0.0,0.21525720042669194,0.3020833333333333,0.0,807,HC-MARL-NoFilter,0,150
180.35733690415194,180.35733690415194,0.0,0.2930952719685114,0.3229166666666667,0.0,801,HC-MARL-NoFilter,0,151
168.85433297503144,168.85433297503144,0.0,0.21439937648166785,0.4375,0.0,790,HC-MARL-NoFilter,0,152
168.1541828089351,168.1541828089351,0.0,0.30039114091232344,0.3958333333333333,0.0,804,HC-MARL-NoFilter,0,153
164.88555336411952,164.88555336411952,0.0,0.12046111320517655,0.4791666666666667,0.0,801,HC-MARL-NoFilter,0,154
168.50225157768563,168.50225157768563,0.0,0.3264190007422165,0.5625,0.0,793,HC-MARL-NoFilter,0,155
167.19508235737143,167.19508235737143,0.0,0.2503225806451612,0.17708333333333334,0.0,780,HC-MARL-NoFilter,0,156
171.38476792965375,171.38476792965375,0.0,0.2083868207103124,0.2604166666666667,0.0,831,HC-MARL-NoFilter,0,157
167.70427321121545,167.70427321121545,0.0,0.19433477260126686,0.3645833333333333,0.0,807,HC-MARL-NoFilter,0,158
168.0388245625204,168.0388245625204,0.0,0.15658564160542682,0.16666666666666666,0.0,799,HC-MARL-NoFilter,0,159
170.0365160812538,170.0365160812538,0.0,0.21489795258272146,0.14583333333333334,0.0,782,HC-MARL-NoFilter,0,160
164.93071725230394,164.93071725230394,0.0,0.546917050415645,0.14583333333333334,0.0,767,HC-MARL-NoFilter,0,161
175.9764704086763,175.9764704086763,0.0,0.29751655629139073,0.3958333333333333,0.0,814,HC-MARL-NoFilter,0,162
170.73514896809928,170.73514896809928,0.0,0.15196949942712656,0.3229166666666667,0.0,771,HC-MARL-NoFilter,0,163
164.09504064756192,164.09504064756192,0.0,0.1560803212851406,0.2916666666666667,0.0,801,HC-MARL-NoFilter,0,164
172.91255701857486,172.91255701857486,0.0,0.413124533929903,0.16666666666666666,0.0,809,HC-MARL-NoFilter,0,165
164.36890762015764,164.36890762015764,0.0,0.15707191967696166,0.22916666666666666,0.0,776,HC-MARL-NoFilter,0,166
178.49080109380756,178.49080109380756,0.0,0.21285860655737704,0.11458333333333333,0.0,822,HC-MARL-NoFilter,0,167
168.60629724034138,168.60629724034138,0.0,0.3140186915887851,0.2708333333333333,0.0,797,HC-MARL-NoFilter,0,168
173.57548067558514,173.57548067558514,0.0,0.14126958488127928,0.3229166666666667,0.0,830,HC-MARL-NoFilter,0,169
174.22864350518765,174.22864350518765,0.0,0.021467219450495345,0.3020833333333333,0.0,772,HC-MARL-NoFilter,0,170
169.8656910093068,169.8656910093068,0.0,0.21784776902887137,0.28125,0.0,808,HC-MARL-NoFilter,0,171
170.42580324495765,170.42580324495765,0.0,0.16084604033448108,0.09375,0.0,804,HC-MARL-NoFilter,0,172
173.43828059195704,173.43828059195704,0.0,0.28507354714251265,0.13541666666666666,0.0,770,HC-MARL-NoFilter,0,173
173.4233267270225,173.4233267270225,0.0,0.15962346477052358,0.23958333333333334,0.0,772,HC-MARL-NoFilter,0,174
161.73377093902832,161.73377093902832,0.0,0.3061224489795918,0.22916666666666666,0.0,751,HC-MARL-NoFilter,0,175
169.08493520368518,169.08493520368518,0.0,0.20055096418732782,0.17708333333333334,0.0,747,HC-MARL-NoFilter,0,176
170.5909133979625,170.5909133979625,0.0,0.14779953643171284,0.16666666666666666,0.0,787,HC-MARL-NoFilter,0,177
165.2996012952383,165.2996012952383,0.0,0.301847389558233,0.25,0.0,785,HC-MARL-NoFilter,0,178
165.23172266050943,165.23172266050943,0.0,0.6530548068283918,0.03125,0.0,748,HC-MARL-NoFilter,0,179
175.77510188598808,175.77510188598808,0.0,0.21300138312586442,0.14583333333333334,0.0,744,HC-MARL-NoFilter,0,180
177.64447673241796,177.64447673241796,0.0,0.15688844086021508,0.125,0.0,802,HC-MARL-NoFilter,0,181
174.34147716365456,174.34147716365456,0.0,0.3351076861400031,0.34375,0.0,825,HC-MARL-NoFilter,0,182
164.86084016299475,164.86084016299475,0.0,0.509684998497391,0.3333333333333333,0.0,785,HC-MARL-NoFilter,0,183
169.6303144552816,169.6303144552816,0.0,0.24593760155996103,0.20833333333333334,0.0,766,HC-MARL-NoFilter,0,184
177.18990944620393,177.18990944620393,0.0,0.15702879881641707,0.3333333333333333,0.0,803,HC-MARL-NoFilter,0,185
173.3442881462076,173.3442881462076,0.0,0.1550425105412318,0.10416666666666667,0.0,818,HC-MARL-NoFilter,0,186
169.84959505729054,169.84959505729054,0.0,0.18063451311204837,0.17708333333333334,0.0,830,HC-MARL-NoFilter,0,187
150.10594132475717,150.10594132475717,0.0,0.20717111008373146,0.22916666666666666,0.0,767,HC-MARL-NoFilter,0,188
163.8235939360889,163.8235939360889,0.0,0.22703349282296653,0.2916666666666667,0.0,812,HC-MARL-NoFilter,0,189
165.28371866630965,165.28371866630965,0.0,0.2134124456009691,0.09375,0.0,758,HC-MARL-NoFilter,0,190
160.7748456574386,160.7748456574386,0.0,0.3580311710493542,0.16666666666666666,0.0,778,HC-MARL-NoFilter,0,191
160.73591957878722,160.73591957878722,0.0,0.09843937575030015,0.08333333333333333,0.0,764,HC-MARL-NoFilter,0,192
174.16318597405578,174.16318597405578,0.0,0.2275220275220275,0.3854166666666667,0.0,817,HC-MARL-NoFilter,0,193
167.52791103504345,167.52791103504345,0.0,0.08597883597883599,0.13541666666666666,0.0,735,HC-MARL-NoFilter,0,194
168.34311341737038,168.34311341737038,0.0,0.1736741298461132,0.22916666666666666,0.0,763,HC-MARL-NoFilter,0,195
169.3143072093885,169.3143072093885,0.0,0.2303562418003835,0.4375,0.0,763,HC-MARL-NoFilter,0,196
178.15957375248578,178.15957375248578,0.0,0.2630857898715042,0.23958333333333334,0.0,805,HC-MARL-NoFilter,0,197
174.25036946713413,174.25036946713413,0.0,0.09342214681103056,0.1875,0.0,821,HC-MARL-NoFilter,0,198
166.7990749413984,166.7990749413984,0.0,0.22710622710622713,0.28125,0.0,758,HC-MARL-NoFilter,0,199
164.92558603977722,164.92558603977722,0.0,0.3048459985256882,0.0625,0.0,776,HC-MARL-NoFilter,0,200
171.1774042892335,171.1774042892335,0.0,0.24617737003058107,0.3020833333333333,0.0,831,HC-MARL-NoFilter,0,201
167.12446586909826,167.12446586909826,0.0,0.20132953466286796,0.08333333333333333,0.0,747,HC-MARL-NoFilter,0,202
161.84415107702685,161.84415107702685,0.0,0.12740704856485402,0.23958333333333334,0.0,758,HC-MARL-NoFilter,0,203
164.10898752992802,164.10898752992802,0.0,0.37773972602739725,0.17708333333333334,0.0,771,HC-MARL-NoFilter,0,204
170.30515016953285,170.30515016953285,0.0,0.36488340192043894,0.3229166666666667,0.0,770,HC-MARL-NoFilter,0,205
170.24613004999154,170.24613004999154,0.0,0.10562770562770563,0.14583333333333334,0.0,795,HC-MARL-NoFilter,0,206
173.10556455799102,173.10556455799102,0.0,0.24816999395039324,0.25,0.0,760,HC-MARL-NoFilter,0,207
163.56813905865368,163.56813905865368,0.0,0.35694357981139474,0.2708333333333333,0.0,758,HC-MARL-NoFilter,0,208
164.39514473777965,164.39514473777965,0.0,0.20117125672681224,0.14583333333333334,0.0,771,HC-MARL-NoFilter,0,209
170.4612637357314,170.4612637357314,0.0,0.10132180481017689,0.4479166666666667,0.0,818,HC-MARL-NoFilter,0,210
165.71935400824697,165.71935400824697,0.0,0.46389105333994474,0.3020833333333333,0.0,788,HC-MARL-NoFilter,0,211
169.30295080457037,169.30295080457037,0.0,0.3187399678972713,0.23958333333333334,0.0,757,HC-MARL-NoFilter,0,212
172.3723675173726,172.3723675173726,0.0,0.31841793914297334,0.16666666666666666,0.0,772,HC-MARL-NoFilter,0,213
173.798375881944,173.798375881944,0.0,0.13448386065835738,0.40625,0.0,781,HC-MARL-NoFilter,0,214
155.5719286550652,155.5719286550652,0.0,0.21861650698778237,0.125,0.0,745,HC-MARL-NoFilter,0,215
169.74850961130377,169.74850961130377,0.0,0.31089904570567556,0.17708333333333334,0.0,773,HC-MARL-NoFilter,0,216
166.11626367819002,166.11626367819002,0.0,0.3711975997999833,0.2916666666666667,0.0,774,HC-MARL-NoFilter,0,217
168.665477510106,168.665477510106,0.0,0.3043528169337435,0.13541666666666666,0.0,801,HC-MARL-NoFilter,0,218
165.84376547064045,165.84376547064045,0.0,0.16833576932099092,0.2916666666666667,0.0,801,HC-MARL-NoFilter,0,219
167.7035848233481,167.7035848233481,0.0,0.24049015185686362,0.20833333333333334,0.0,813,HC-MARL-NoFilter,0,220
166.21467791625307,166.21467791625307,0.0,0.21292642050062172,0.16666666666666666,0.0,756,HC-MARL-NoFilter,0,221
164.80174064089508,164.80174064089508,0.0,0.1907675194660734,0.23958333333333334,0.0,775,HC-MARL-NoFilter,0,222
165.05188699372516,165.05188699372516,0.0,0.11564968373351797,0.2916666666666667,0.0,784,HC-MARL-NoFilter,0,223
173.8955799712843,173.8955799712843,0.0,0.26030103596873566,0.3229166666666667,0.0,763,HC-MARL-NoFilter,0,224
174.8927473403789,174.8927473403789,0.0,0.19455782312925168,0.3229166666666667,0.0,789,HC-MARL-NoFilter,0,225
166.17228711024947,166.17228711024947,0.0,0.2650822378865816,0.11458333333333333,0.0,774,HC-MARL-NoFilter,0,226
170.22941632713685,170.22941632713685,0.0,0.14749749031980497,0.041666666666666664,0.0,760,HC-MARL-NoFilter,0,227
170.53310413936768,170.53310413936768,0.0,0.3170359052711994,0.10416666666666667,0.0,758,HC-MARL-NoFilter,0,228
166.17630098251416,166.17630098251416,0.0,0.2690505612192359,0.16666666666666666,0.0,763,HC-MARL-NoFilter,0,229
159.81350119651594,159.81350119651594,0.0,0.2445205479452055,0.11458333333333333,0.0,773,HC-MARL-NoFilter,0,230
159.91389816747989,159.91389816747989,0.0,0.40843023255813954,0.15625,0.0,750,HC-MARL-NoFilter,0,231
175.58377406906817,175.58377406906817,0.0,0.15734142620009728,0.3125,0.0,841,HC-MARL-NoFilter,0,232
161.25135534008962,161.25135534008962,0.0,0.0833157736303432,0.20833333333333334,0.0,806,HC-MARL-NoFilter,0,233
157.20674970454385,157.20674970454385,0.0,0.2423384750853027,0.13541666666666666,0.0,763,HC-MARL-NoFilter,0,234
167.17433744940132,167.17433744940132,0.0,0.23114719077120272,0.5104166666666666,0.0,829,HC-MARL-NoFilter,0,235
176.40787782736695,176.40787782736695,0.0,0.1698487518957249,0.375,0.0,805,HC-MARL-NoFilter,0,236
163.58343591708578,163.58343591708578,0.0,0.2508845893247007,0.3958333333333333,0.0,771,HC-MARL-NoFilter,0,237
171.0842330562454,171.0842330562454,0.0,0.13250148544266183,0.1875,0.0,797,HC-MARL-NoFilter,0,238
173.87026222337184,173.87026222337184,0.0,0.14933090930766252,0.2916666666666667,0.0,792,HC-MARL-NoFilter,0,239
165.65207863215213,165.65207863215213,0.0,0.31339805825242717,0.2708333333333333,0.0,771,HC-MARL-NoFilter,0,240
172.12008366225277,172.12008366225277,0.0,0.19202888526132306,0.40625,0.0,775,HC-MARL-NoFilter,0,241
155.88508678864136,155.88508678864136,0.0,0.050161430033860976,0.14583333333333334,0.0,772,HC-MARL-NoFilter,0,242
166.86267642488232,166.86267642488232,0.0,0.36069871331888825,0.23958333333333334,0.0,776,HC-MARL-NoFilter,0,243
178.6180711398165,178.6180711398165,0.0,0.0876606972435861,0.19791666666666666,0.0,824,HC-MARL-NoFilter,0,244
173.846628310415,173.846628310415,0.0,0.10652080652080648,0.3333333333333333,0.0,803,HC-MARL-NoFilter,0,245
171.7531910414147,171.7531910414147,0.0,0.1716150813577068,0.14583333333333334,0.0,789,HC-MARL-NoFilter,0,246
173.3827952413943,173.3827952413943,0.0,0.24269273523834434,0.17708333333333334,0.0,770,HC-MARL-NoFilter,0,247
173.0751851008468,173.0751851008468,0.0,0.32284846627476116,0.3333333333333333,0.0,818,HC-MARL-NoFilter,0,248
162.40465779318708,162.40465779318708,0.0,0.2591816541528432,0.0,0.0,743,HC-MARL-NoFilter,0,249
170.32061393263592,170.32061393263592,0.0,0.21399176954732513,0.0,0.0,742,HC-MARL-NoFilter,1,0
172.72467080262356,172.72467080262356,0.0,0.18582260800159633,0.3020833333333333,0.0,804,HC-MARL-NoFilter,1,1
165.58518463154493,165.58518463154493,0.0,0.31441346121028013,0.15625,0.0,725,HC-MARL-NoFilter,1,2
171.36165813353315,171.36165813353315,0.0,0.14813918671646986,0.11458333333333333,0.0,758,HC-MARL-NoFilter,1,3
185.10622610473715,185.10622610473715,0.0,0.13370328210965665,0.3854166666666667,0.0,806,HC-MARL-NoFilter,1,4
166.41452415890197,166.41452415890197,0.0,0.18509123639636682,0.375,0.0,815,HC-MARL-NoFilter,1,5
174.9703696002066,174.9703696002066,0.0,0.20926768197017487,0.20833333333333334,0.0,757,HC-MARL-NoFilter,1,6
180.2406941715349,180.2406941715349,0.0,0.3817485898468977,0.3645833333333333,0.0,777,HC-MARL-NoFilter,1,7
168.22113417930495,168.22113417930495,0.0,0.20738913173679463,0.2916666666666667,0.0,782,HC-MARL-NoFilter,1,8
163.0128485735552,163.0128485735552,0.0,0.22083333333333333,0.22916666666666666,0.0,772,HC-MARL-NoFilter,1,9
184.48905630145563,184.48905630145563,0.0,0.11549605721621126,0.3854166666666667,0.0,811,HC-MARL-NoFilter,1,10
176.87519837468182,176.87519837468182,0.0,0.25983227299016776,0.1875,0.0,789,HC-MARL-NoFilter,1,11
183.37796724400576,183.37796724400576,0.0,0.2391033975917236,0.2604166666666667,0.0,775,HC-MARL-NoFilter,1,12
181.29538551701398,181.29538551701398,0.0,0.27473235572984267,0.2916666666666667,0.0,794,HC-MARL-NoFilter,1,13
163.05300122299963,163.05300122299963,0.0,0.24867021276595747,0.21875,0.0,797,HC-MARL-NoFilter,1,14
175.67748381763838,175.67748381763838,0.0,0.30246085011185686,0.3645833333333333,0.0,809,HC-MARL-NoFilter,1,15
174.4020737224984,174.4020737224984,0.0,0.30552217453505004,0.34375,0.0,757,HC-MARL-NoFilter,1,16
174.05868321859631,174.05868321859631,0.0,0.3761465181277803,0.3854166666666667,0.0,830,HC-MARL-NoFilter,1,17
173.980155251869,173.980155251869,0.0,0.24268494902701465,0.17708333333333334,0.0,758,HC-MARL-NoFilter,1,18
174.5508648580503,174.5508648580503,0.0,0.2884053842318922,0.28125,0.0,782,HC-MARL-NoFilter,1,19
175.57815013762738,175.57815013762738,0.0,0.24093094405594406,0.16666666666666666,0.0,806,HC-MARL-NoFilter,1,20
170.17618168043896,170.17618168043896,0.0,0.2974632166412987,0.22916666666666666,0.0,824,HC-MARL-NoFilter,1,21
166.15650099398198,166.15650099398198,0.0,0.42699499990842327,0.3333333333333333,0.0,817,HC-MARL-NoFilter,1,22
172.20230407685708,172.20230407685708,0.0,0.3026101616091152,0.13541666666666666,0.0,727,HC-MARL-NoFilter,1,23
173.95920142747246,173.95920142747246,0.0,0.1119219681201763,0.3645833333333333,0.0,800,HC-MARL-NoFilter,1,24
173.7440925998666,173.7440925998666,0.0,0.1269946808510638,0.17708333333333334,0.0,762,HC-MARL-NoFilter,1,25
171.68936886433556,171.68936886433556,0.0,0.32996632996633,0.3645833333333333,0.0,821,HC-MARL-NoFilter,1,26
161.95156680329467,161.95156680329467,0.0,0.09955685846741208,0.10416666666666667,0.0,762,HC-MARL-NoFilter,1,27
169.69597947499798,169.69597947499798,0.0,0.3393078311334441,0.2604166666666667,0.0,819,HC-MARL-NoFilter,1,28
177.56626120618515,177.56626120618515,0.0,0.28667121503442283,0.3020833333333333,0.0,754,HC-MARL-NoFilter,1,29
169.28426167825117,169.28426167825117,0.0,0.1387333371042857,0.22916666666666666,0.0,780,HC-MARL-NoFilter,1,30
179.05872193424983,179.05872193424983,0.0,0.13232031943212064,0.375,0.0,812,HC-MARL-NoFilter,1,31
180.39035196614532,180.39035196614532,0.0,0.1736874753284836,0.14583333333333334,0.0,809,HC-MARL-NoFilter,1,32
174.72939045299265,174.72939045299265,0.0,0.30773657289002554,0.3541666666666667,0.0,821,HC-MARL-NoFilter,1,33
178.33084261623105,178.33084261623105,0.0,0.18145079814103848,0.4166666666666667,0.0,765,HC-MARL-NoFilter,1,34
184.24215484139708,184.24215484139708,0.0,0.12784119106699754,0.3333333333333333,0.0,828,HC-MARL-NoFilter,1,35
163.101605745115,163.101605745115,0.0,0.2233471645919778,0.2708333333333333,0.0,770,HC-MARL-NoFilter,1,36
178.3483283980161,178.3483283980161,0.0,0.3176870748299321,0.22916666666666666,0.0,773,HC-MARL-NoFilter,1,37
182.27042375361088,182.27042375361088,0.0,0.16112852664576793,0.2604166666666667,0.0,792,HC-MARL-NoFilter,1,38
178.7054558492109,178.7054558492109,0.0,0.14111175178045476,0.19791666666666666,0.0,760,HC-MARL-NoFilter,1,39
180.02770840895943,180.02770840895943,0.0,0.4544518520425236,0.23958333333333334,0.0,763,HC-MARL-NoFilter,1,40
177.2225268566479,177.2225268566479,0.0,0.27633378932968533,0.28125,0.0,764,HC-MARL-NoFilter,1,41
181.1030781103384,181.1030781103384,0.0,0.2821535393818544,0.3125,0.0,783,HC-MARL-NoFilter,1,42
176.57952372840865,176.57952372840865,0.0,0.3938318389812925,0.4166666666666667,0.0,785,HC-MARL-NoFilter,1,43
174.66660466476148,174.66660466476148,0.0,0.1349315068493151,0.3020833333333333,0.0,764,HC-MARL-NoFilter,1,44
177.65682656718442,177.65682656718442,0.0,0.23514050862043379,0.20833333333333334,0.0,768,HC-MARL-NoFilter,1,45
166.23957323603528,166.23957323603528,0.0,0.19510118212783012,0.23958333333333334,0.0,753,HC-MARL-NoFilter,1,46
159.30066072489598,159.30066072489598,0.0,0.11693820857421733,0.11458333333333333,0.0,742,HC-MARL-NoFilter,1,47
173.46962397380176,173.46962397380176,0.0,0.13876109102859024,0.23958333333333334,0.0,764,HC-MARL-NoFilter,1,48
170.58391654715214,170.58391654715214,0.0,0.38079263535652996,0.3958333333333333,0.0,838,HC-MARL-NoFilter,1,49
174.38942354132226,174.38942354132226,0.0,0.17592858098679054,0.3020833333333333,0.0,794,HC-MARL-NoFilter,1,50
177.8680070680954,177.8680070680954,0.0,0.1504956024012285,0.2708333333333333,0.0,765,HC-MARL-NoFilter,1,51
171.61780642633266,171.61780642633266,0.0,0.11582670203359857,0.1875,0.0,777,HC-MARL-NoFilter,1,52
178.24383921719476,178.24383921719476,0.0,0.23252688172043012,0.21875,0.0,799,HC-MARL-NoFilter,1,53
176.46056047785177,176.46056047785177,0.0,0.2752038178564328,0.13541666666666666,0.0,773,HC-MARL-NoFilter,1,54
181.756643355381,181.756643355381,0.0,0.2458349291459211,0.4583333333333333,0.0,798,HC-MARL-NoFilter,1,55
181.74208189680522,181.74208189680522,0.0,0.2183043410123806,0.3020833333333333,0.0,763,HC-MARL-NoFilter,1,56
160.17317530469214,160.17317530469214,0.0,0.45370829496351905,0.15625,0.0,728,HC-MARL-NoFilter,1,57
172.71879593742167,172.71879593742167,0.0,0.18824971543647673,0.23958333333333334,0.0,767,HC-MARL-NoFilter,1,58
171.69870777641285,171.69870777641285,0.0,0.15335041540492278,0.2604166666666667,0.0,779,HC-MARL-NoFilter,1,59
180.2699790457027,180.2699790457027,0.0,0.19058087938684953,0.2916666666666667,0.0,790,HC-MARL-NoFilter,1,60
179.57622968502517,179.57622968502517,0.0,0.16733578677372596,0.25,0.0,785,HC-MARL-NoFilter,1,61
165.88326116412708,165.88326116412708,0.0,0.37130946177324486,0.25,0.0,736,HC-MARL-NoFilter,1,62
176.62165302731918,176.62165302731918,0.0,0.26020174232003657,0.3645833333333333,0.0,802,HC-MARL-NoFilter,1,63
179.80255024629238,179.80255024629238,0.0,0.3852041880448839,0.3333333333333333,0.0,818,HC-MARL-NoFilter,1,64
172.08161262262854,172.08161262262854,0.0,0.44521503008953467,0.11458333333333333,0.0,760,HC-MARL-NoFilter,1,65
176.86676688742892,176.86676688742892,0.0,0.16347052280311458,0.23958333333333334,0.0,809,HC-MARL-NoFilter,1,66
169.0514658638575,169.0514658638575,0.0,0.14054773390596886,0.28125,0.0,771,HC-MARL-NoFilter,1,67
177.05732161689983,177.05732161689983,0.0,0.19874575834371377,0.3645833333333333,0.0,787,HC-MARL-NoFilter,1,68
164.74976808515697,164.74976808515697,0.0,0.2576023391812865,0.3229166666666667,0.0,812,HC-MARL-NoFilter,1,69
177.97332592938207,177.97332592938207,0.0,0.1711380105401844,0.2916666666666667,0.0,743,HC-MARL-NoFilter,1,70
168.51696073693998,168.51696073693998,0.0,0.08794469379763237,0.2604166666666667,0.0,795,HC-MARL-NoFilter,1,71
173.57847131208223,173.57847131208223,0.0,0.3483606557377049,0.3020833333333333,0.0,768,HC-MARL-NoFilter,1,72
188.89485016660328,188.89485016660328,0.0,0.33288770053475936,0.2916666666666667,0.0,781,HC-MARL-NoFilter,1,73
173.08296110773475,173.08296110773475,0.0,0.23617366240317061,0.375,0.0,739,HC-MARL-NoFilter,1,74
176.6932282913769,176.6932282913769,0.0,0.28717474062918336,0.3125,0.0,822,HC-MARL-NoFilter,1,75
179.28857735524707,179.28857735524707,0.0,0.153169014084507,0.3333333333333333,0.0,770,HC-MARL-NoFilter,1,76
189.59898575826475,189.59898575826475,0.0,0.3096722068328718,0.3854166666666667,0.0,783,HC-MARL-NoFilter,1,77
172.1692811468226,172.1692811468226,0.0,0.35951468710089407,0.3020833333333333,0.0,782,HC-MARL-NoFilter,1,78
169.41628731676195,169.41628731676195,0.0,0.27334570191713053,0.3333333333333333,0.0,780,HC-MARL-NoFilter,1,79
175.4672867849306,175.4672867849306,0.0,0.29491315136476415,0.3125,0.0,795,HC-MARL-NoFilter,1,80
172.5110771359385,172.5110771359385,0.0,0.44561188454017453,0.15625,0.0,765,HC-MARL-NoFilter,1,81
185.54753194260158,185.54753194260158,0.0,0.1443835616438356,0.3229166666666667,0.0,770,HC-MARL-NoFilter,1,82
176.22851811693306,176.22851811693306,0.0,0.2104783732957216,0.3020833333333333,0.0,754,HC-MARL-NoFilter,1,83
170.9633108818121,170.9633108818121,0.0,0.1113909337466098,0.07291666666666667,0.0,797,HC-MARL-NoFilter,1,84
163.63165740062033,163.63165740062033,0.0,0.4255952380952381,0.13541666666666666,0.0,759,HC-MARL-NoFilter,1,85
170.55472276686967,170.55472276686967,0.0,0.2594130675526024,0.052083333333333336,0.0,790,HC-MARL-NoFilter,1,86
169.68380706897332,169.68380706897332,0.0,0.3398124830040554,0.14583333333333334,0.0,799,HC-MARL-NoFilter,1,87
170.17926614176602,170.17926614176602,0.0,0.3154190207156309,0.052083333333333336,0.0,816,HC-MARL-NoFilter,1,88
167.95839081937942,167.95839081937942,0.0,0.21442352903027062,0.010416666666666666,0.0,759,HC-MARL-NoFilter,1,89
160.0435521807483,160.0435521807483,0.0,0.3223280968323461,0.0,0.0,772,HC-MARL-NoFilter,1,90
172.2958146765913,172.2958146765913,0.0,0.3140960509381562,0.0,0.0,785,HC-MARL-NoFilter,1,91
158.51468454836277,158.51468454836277,0.0,0.5127209746774964,0.0,0.0,803,HC-MARL-NoFilter,1,92
171.4094232496206,171.4094232496206,0.0,0.15717616694285164,0.020833333333333332,0.0,802,HC-MARL-NoFilter,1,93
172.74447553651325,172.74447553651325,0.0,0.2945519110363518,0.0,0.0,834,HC-MARL-NoFilter,1,94
176.4101128800986,176.4101128800986,0.0,0.23785803237858028,0.020833333333333332,0.0,830,HC-MARL-NoFilter,1,95
170.84907161572897,170.84907161572897,0.0,0.22815230961298372,0.125,0.0,793,HC-MARL-NoFilter,1,96
164.02497281311406,164.02497281311406,0.0,0.25908230027548207,0.052083333333333336,0.0,805,HC-MARL-NoFilter,1,97
161.52937496799726,161.52937496799726,0.0,0.42401129943502824,0.0,0.0,765,HC-MARL-NoFilter,1,98
158.8782119671264,158.8782119671264,0.0,0.530940594059406,0.0,0.0,746,HC-MARL-NoFilter,1,99
173.94626367878425,173.94626367878425,0.0,0.5372844965711723,0.15625,0.0,823,HC-MARL-NoFilter,1,100
174.71971851146878,174.71971851146878,0.0,0.20282730394693516,0.08333333333333333,0.0,816,HC-MARL-NoFilter,1,101
161.49571556866314,161.49571556866314,0.0,0.29560915275200994,0.08333333333333333,0.0,800,HC-MARL-NoFilter,1,102
175.20346770155948,175.20346770155948,0.0,0.257260101010101,0.10416666666666667,0.0,829,HC-MARL-NoFilter,1,103
161.35123451647246,161.35123451647246,0.0,0.12339832298009312,0.0,0.0,754,HC-MARL-NoFilter,1,104
171.48944293904032,171.48944293904032,0.0,0.329761248128595,0.052083333333333336,0.0,815,HC-MARL-NoFilter,1,105
177.68000121930322,177.68000121930322,0.0,0.23765279904492487,0.15625,0.0,841,HC-MARL-NoFilter,1,106
168.35574171066253,168.35574171066253,0.0,0.42336364991799613,0.010416666666666666,0.0,764,HC-MARL-NoFilter,1,107
165.84366965357492,165.84366965357492,0.0,0.3417417070730393,0.0,0.0,814,HC-MARL-NoFilter,1,108
175.03499467048846,175.03499467048846,0.0,0.19392174243383564,0.020833333333333332,0.0,836,HC-MARL-NoFilter,1,109
168.54503572700898,168.54503572700898,0.0,0.32565028901734105,0.08333333333333333,0.0,783,HC-MARL-NoFilter,1,110
170.20330474329228,170.20330474329228,0.0,0.3809025506867233,0.10416666666666667,0.0,779,HC-MARL-NoFilter,1,111
163.8488616558319,163.8488616558319,0.0,0.1765955187426994,0.0625,0.0,786,HC-MARL-NoFilter,1,112
169.2335284334016,169.2335284334016,0.0,0.5755016888535666,0.03125,0.0,786,HC-MARL-NoFilter,1,113
173.06771912691656,173.06771912691656,0.0,0.3603462549040781,0.010416666666666666,0.0,784,HC-MARL-NoFilter,1,114
162.3993096841239,162.3993096841239,0.0,0.41302904564315346,0.0,0.0,768,HC-MARL-NoFilter,1,115
178.63241740829233,178.63241740829233,0.0,0.3115931721194878,0.052083333333333336,0.0,855,HC-MARL-NoFilter,1,116
167.8418142764099,167.8418142764099,0.0,0.12212239134637204,0.0,0.0,831,HC-MARL-NoFilter,1,117
163.74637266961614,163.74637266961614,0.0,0.15998765953301075,0.08333333333333333,0.0,811,HC-MARL-NoFilter,1,118
170.34753889665643,170.34753889665643,0.0,0.4455304780522481,0.0,0.0,773,HC-MARL-NoFilter,1,119
159.50427003921425,159.50427003921425,0.0,0.3359761319373464,0.0,0.0,767,HC-MARL-NoFilter,1,120
170.18391758580364,170.18391758580364,0.0,0.5124872795115333,0.0,0.0,821,HC-MARL-NoFilter,1,121
170.33601464255858,170.33601464255858,0.0,0.32100068284809746,0.020833333333333332,0.0,791,HC-MARL-NoFilter,1,122
162.22788029050403,162.22788029050403,0.0,0.24040910538045213,0.010416666666666666,0.0,729,HC-MARL-NoFilter,1,123
173.07008028127285,173.07008028127285,0.0,0.0980346641906531,0.0,0.0,791,HC-MARL-NoFilter,1,124
163.79419610091813,163.79419610091813,0.0,0.4353562801932366,0.08333333333333333,0.0,828,HC-MARL-NoFilter,1,125
170.58469841047506,170.58469841047506,0.0,0.18492917847025492,0.10416666666666667,0.0,791,HC-MARL-NoFilter,1,126
161.03902854121725,161.03902854121725,0.0,0.15348832838401688,0.0,0.0,788,HC-MARL-NoFilter,1,127
174.68011950993656,174.68011950993656,0.0,0.37232293712041653,0.08333333333333333,0.0,814,HC-MARL-NoFilter,1,128
174.45266278771967,174.45266278771967,0.0,0.0853067247558148,0.15625,0.0,818,HC-MARL-NoFilter,1,129
160.9276145802997,160.9276145802997,0.0,0.4431821198205611,0.0,0.0,806,HC-MARL-NoFilter,1,130
173.3124389385383,173.3124389385383,0.0,0.3686857260386672,0.125,0.0,822,HC-MARL-NoFilter,1,131
170.59129761171243,170.59129761171243,0.0,0.18526920750151243,0.10416666666666667,0.0,760,HC-MARL-NoFilter,1,132
174.332293419486,174.332293419486,0.0,0.5752281460134485,0.010416666666666666,0.0,795,HC-MARL-NoFilter,1,133
169.95611414036796,169.95611414036796,0.0,0.16763149003266142,0.0,0.0,770,HC-MARL-NoFilter,1,134
174.51477333140883,174.51477333140883,0.0,0.1309705785019778,0.0,0.0,801,HC-MARL-NoFilter,1,135
177.11640965766742,177.11640965766742,0.0,0.24704025256511442,0.020833333333333332,0.0,789,HC-MARL-NoFilter,1,136
174.4281896678955,174.4281896678955,0.0,0.2534105239023272,0.08333333333333333,0.0,816,HC-MARL-NoFilter,1,137
165.896096813688,165.896096813688,0.0,0.25925925925925924,0.03125,0.0,792,HC-MARL-NoFilter,1,138
170.02122072478468,170.02122072478468,0.0,0.2532840722495896,0.020833333333333332,0.0,791,HC-MARL-NoFilter,1,139
170.1783461157748,170.1783461157748,0.0,0.2034797191070118,0.0,0.0,755,HC-MARL-NoFilter,1,140
171.07863006927087,171.07863006927087,0.0,0.429965234944488,0.03125,0.0,806,HC-MARL-NoFilter,1,141
169.043759662536,169.043759662536,0.0,0.24795766692431187,0.041666666666666664,0.0,783,HC-MARL-NoFilter,1,142
168.25403547067458,168.25403547067458,0.0,0.1470105905252348,0.041666666666666664,0.0,805,HC-MARL-NoFilter,1,143
173.8340137282025,173.8340137282025,0.0,0.3771814112406202,0.052083333333333336,0.0,778,HC-MARL-NoFilter,1,144
171.51165674897734,171.51165674897734,0.0,0.42371705963938977,0.17708333333333334,0.0,868,HC-MARL-NoFilter,1,145
159.17598986201813,159.17598986201813,0.0,0.19847079184044036,0.0,0.0,811,HC-MARL-NoFilter,1,146
171.51605141805,171.51605141805,0.0,0.2337158610078215,0.0625,0.0,799,HC-MARL-NoFilter,1,147
176.09106098538462,176.09106098538462,0.0,0.505464480874317,0.14583333333333334,0.0,830,HC-MARL-NoFilter,1,148
159.95150853790173,159.95150853790173,0.0,0.07479614529280942,0.0,0.0,771,HC-MARL-NoFilter,1,149
174.84688100921267,174.84688100921267,0.0,0.10203319740394001,0.010416666666666666,0.0,804,HC-MARL-NoFilter,1,150
176.07781304790495,176.07781304790495,0.0,0.13023553759731943,0.0625,0.0,826,HC-MARL-NoFilter,1,151
166.55690014021977,166.55690014021977,0.0,0.5045463601948957,0.0,0.0,797,HC-MARL-NoFilter,1,152
162.85183041312885,162.85183041312885,0.0,0.33978138049619255,0.041666666666666664,0.0,801,HC-MARL-NoFilter,1,153
170.8987251721484,170.8987251721484,0.0,0.28936110690181727,0.020833333333333332,0.0,806,HC-MARL-NoFilter,1,154
163.49445136064736,163.49445136064736,0.0,0.22821703531712084,0.010416666666666666,0.0,728,HC-MARL-NoFilter,1,155
161.69465220543708,161.69465220543708,0.0,0.33300104841620404,0.010416666666666666,0.0,793,HC-MARL-NoFilter,1,156
169.2086423770594,169.2086423770594,0.0,0.4680124223602484,0.041666666666666664,0.0,801,HC-MARL-NoFilter,1,157
156.61448031071097,156.61448031071097,0.0,0.2711890648500398,0.0,0.0,772,HC-MARL-NoFilter,1,158
168.84580605976134,168.84580605976134,0.0,0.49727817093086557,0.010416666666666666,0.0,758,HC-MARL-NoFilter,1,159
175.02718079417755,175.02718079417755,0.0,0.14893162393162396,0.0625,0.0,808,HC-MARL-NoFilter,1,160
161.6270134174783,161.6270134174783,0.0,0.30052631578947364,0.22916666666666666,0.0,771,HC-MARL-NoFilter,1,161
168.96935259440377,168.96935259440377,0.0,0.3021276595744681,0.0,0.0,774,HC-MARL-NoFilter,1,162
173.56063027453442,173.56063027453442,0.0,0.23700525683034346,0.07291666666666667,0.0,833,HC-MARL-NoFilter,1,163
171.46747667121895,171.46747667121895,0.0,0.17389498172150208,0.010416666666666666,0.0,762,HC-MARL-NoFilter,1,164
157.9717375662693,157.9717375662693,0.0,0.20714693644448068,0.0,0.0,770,HC-MARL-NoFilter,1,165
169.62677115515123,169.62677115515123,0.0,0.11257309941520466,0.0625,0.0,791,HC-MARL-NoFilter,1,166
174.97922337923592,174.97922337923592,0.0,0.47008824644036595,0.0625,0.0,783,HC-MARL-NoFilter,1,167
167.28895899746104,167.28895899746104,0.0,0.3270040088494103,0.010416666666666666,0.0,786,HC-MARL-NoFilter,1,168
171.17938764238068,171.17938764238068,0.0,0.22845445852259139,0.020833333333333332,0.0,781,HC-MARL-NoFilter,1,169
175.2030540769387,175.2030540769387,0.0,0.3109565754906507,0.11458333333333333,0.0,817,HC-MARL-NoFilter,1,170
174.56253359621348,174.56253359621348,0.0,0.22237484737484725,0.1875,0.0,829,HC-MARL-NoFilter,1,171
171.84589266995945,171.84589266995945,0.0,0.30662370211242407,0.052083333333333336,0.0,810,HC-MARL-NoFilter,1,172
170.5776323323871,170.5776323323871,0.0,0.23973270620626358,0.020833333333333332,0.0,811,HC-MARL-NoFilter,1,173
164.28288383349937,164.28288383349937,0.0,0.35681829656182157,0.010416666666666666,0.0,779,HC-MARL-NoFilter,1,174
170.62884278887046,170.62884278887046,0.0,0.2897959183673469,0.041666666666666664,0.0,807,HC-MARL-NoFilter,1,175
169.51896443356065,169.51896443356065,0.0,0.19241192411924124,0.03125,0.0,796,HC-MARL-NoFilter,1,176
175.31062719397437,175.31062719397437,0.0,0.22760107816711594,0.041666666666666664,0.0,811,HC-MARL-NoFilter,1,177
173.85129219652626,173.85129219652626,0.0,0.36230493348846693,0.16666666666666666,0.0,809,HC-MARL-NoFilter,1,178
164.24813823202524,164.24813823202524,0.0,0.3660851799465661,0.0,0.0,794,HC-MARL-NoFilter,1,179
173.92388235365377,173.92388235365377,0.0,0.315096251266464,0.10416666666666667,0.0,777,HC-MARL-NoFilter,1,180
171.06986320667406,171.06986320667406,0.0,0.18776941290753446,0.041666666666666664,0.0,811,HC-MARL-NoFilter,1,181
165.9707728442965,165.9707728442965,0.0,0.2258426966292134,0.19791666666666666,0.0,793,HC-MARL-NoFilter,1,182
169.51490103922353,169.51490103922353,0.0,0.12368587925107632,0.09375,0.0,803,HC-MARL-NoFilter,1,183
170.90968630680774,170.90968630680774,0.0,0.41764810531933827,0.0,0.0,795,HC-MARL-NoFilter,1,184
161.8660419614057,161.8660419614057,0.0,0.2772837867728379,0.11458333333333333,0.0,750,HC-MARL-NoFilter,1,185
180.97777861404953,180.97777861404953,0.0,0.3027661993179236,0.13541666666666666,0.0,871,HC-MARL-NoFilter,1,186
170.1227979089093,170.1227979089093,0.0,0.22222487467175933,0.0625,0.0,792,HC-MARL-NoFilter,1,187
167.00055238438054,167.00055238438054,0.0,0.15186804451510338,0.041666666666666664,0.0,758,HC-MARL-NoFilter,1,188
171.73980888746271,171.73980888746271,0.0,0.21435793731041464,0.010416666666666666,0.0,791,HC-MARL-NoFilter,1,189
163.43579147945582,163.43579147945582,0.0,0.21980419427854586,0.010416666666666666,0.0,794,HC-MARL-NoFilter,1,190
164.75444015148085,164.75444015148085,0.0,0.22950844436387807,0.0,0.0,778,HC-MARL-NoFilter,1,191
173.28752894823015,173.28752894823015,0.0,0.14764267990074442,0.041666666666666664,0.0,780,HC-MARL-NoFilter,1,192
174.32168642413066,174.32168642413066,0.0,0.2936041083099907,0.10416666666666667,0.0,862,HC-MARL-NoFilter,1,193
160.63743612994384,160.63743612994384,0.0,0.3157540784449845,0.041666666666666664,0.0,768,HC-MARL-NoFilter,1,194
174.7064013578374,174.7064013578374,0.0,0.23641934555549915,0.041666666666666664,0.0,789,HC-MARL-NoFilter,1,195
169.7784780819175,169.7784780819175,0.0,0.31196581196581197,0.010416666666666666,0.0,793,HC-MARL-NoFilter,1,196
161.33892741916182,161.33892741916182,0.0,0.282643427741467,0.03125,0.0,798,HC-MARL-NoFilter,1,197
171.13061026791198,171.13061026791198,0.0,0.3057147405284941,0.0,0.0,807,HC-MARL-NoFilter,1,198
167.21685559806085,167.21685559806085,0.0,0.09685903983656796,0.052083333333333336,0.0,795,HC-MARL-NoFilter,1,199
165.83320231624933,165.83320231624933,0.0,0.22641232575201753,0.041666666666666664,0.0,782,HC-MARL-NoFilter,1,200
166.2218001417918,166.2218001417918,0.0,0.4072859216255443,0.020833333333333332,0.0,750,HC-MARL-NoFilter,1,201
172.36533334583953,172.36533334583953,0.0,0.3001654275446368,0.08333333333333333,0.0,801,HC-MARL-NoFilter,1,202
170.38302764960437,170.38302764960437,0.0,0.40046109510086453,0.041666666666666664,0.0,750,HC-MARL-NoFilter,1,203
169.70964075321712,169.70964075321712,0.0,0.22792022792022792,0.08333333333333333,0.0,788,HC-MARL-NoFilter,1,204
174.9996012724464,174.9996012724464,0.0,0.14074074074074072,0.020833333333333332,0.0,817,HC-MARL-NoFilter,1,205
169.44591268982833,169.44591268982833,0.0,0.10613996478873244,0.03125,0.0,800,HC-MARL-NoFilter,1,206
163.05111349424243,163.05111349424243,0.0,0.16056713763462116,0.041666666666666664,0.0,754,HC-MARL-NoFilter,1,207
164.0334993490562,164.0334993490562,0.0,0.3937871356222834,0.041666666666666664,0.0,758,HC-MARL-NoFilter,1,208
174.92705912035592,174.92705912035592,0.0,0.2016217574771486,0.010416666666666666,0.0,773,HC-MARL-NoFilter,1,209
179.13745873585,179.13745873585,0.0,0.2815384615384615,0.041666666666666664,0.0,825,HC-MARL-NoFilter,1,210
162.81508483860893,162.81508483860893,0.0,0.08468559837728196,0.0,0.0,779,HC-MARL-NoFilter,1,211
164.281898271935,164.281898271935,0.0,0.1506276150627615,0.0,0.0,754,HC-MARL-NoFilter,1,212
171.74775894784528,171.74775894784528,0.0,0.37788503729706013,0.07291666666666667,0.0,785,HC-MARL-NoFilter,1,213
168.89762490877425,168.89762490877425,0.0,0.5780334206260132,0.0,0.0,805,HC-MARL-NoFilter,1,214
164.29830011357197,164.29830011357197,0.0,0.13510900140646975,0.16666666666666666,0.0,815,HC-MARL-NoFilter,1,215
165.7495369553916,165.7495369553916,0.0,0.41393667642752563,0.010416666666666666,0.0,761,HC-MARL-NoFilter,1,216
165.09669520522064,165.09669520522064,0.0,0.22958838346835253,0.03125,0.0,776,HC-MARL-NoFilter,1,217
162.23190470384222,162.23190470384222,0.0,0.30914555603263205,0.0,0.0,775,HC-MARL-NoFilter,1,218
160.46798243059982,160.46798243059982,0.0,0.38978102189781016,0.0,0.0,753,HC-MARL-NoFilter,1,219
168.55610367592772,168.55610367592772,0.0,0.2724803640901417,0.0,0.0,756,HC-MARL-NoFilter,1,220
169.25391160584314,169.25391160584314,0.0,0.4611387329591019,0.010416666666666666,0.0,779,HC-MARL-NoFilter,1,221
157.5905085926214,157.5905085926214,0.0,0.16941341634621254,0.052083333333333336,0.0,853,HC-MARL-NoFilter,1,222
173.7237662203469,173.7237662203469,0.0,0.4274957603165631,0.020833333333333332,0.0,830,HC-MARL-NoFilter,1,223
162.04978740391465,162.04978740391465,0.0,0.11478798210100144,0.0,0.0,786,HC-MARL-NoFilter,1,224
173.85651262702152,173.85651262702152,0.0,0.3523749925502116,0.041666666666666664,0.0,784,HC-MARL-NoFilter,1,225
175.31671091854778,175.31671091854778,0.0,0.4577501968230445,0.08333333333333333,0.0,787,HC-MARL-NoFilter,1,226
171.7275919539653,171.7275919539653,0.0,0.4713245997088792,0.0625,0.0,764,HC-MARL-NoFilter,1,227
160.84752471771438,160.84752471771438,0.0,0.2746372295913825,0.0,0.0,781,HC-MARL-NoFilter,1,228
169.44705581101908,169.44705581101908,0.0,0.21879131255901796,0.010416666666666666,0.0,800,HC-MARL-NoFilter,1,229
175.1190604961344,175.1190604961344,0.0,0.36348531495870606,0.03125,0.0,789,HC-MARL-NoFilter,1,230
169.9793059629999,169.9793059629999,0.0,0.23637770897832822,0.09375,0.0,824,HC-MARL-NoFilter,1,231
168.34400684715277,168.34400684715277,0.0,0.2713463292293662,0.03125,0.0,765,HC-MARL-NoFilter,1,232
167.3590377561524,167.3590377561524,0.0,0.22631512868800996,0.0,0.0,753,HC-MARL-NoFilter,1,233
174.78102894898328,174.78102894898328,0.0,0.06317934782608692,0.052083333333333336,0.0,800,HC-MARL-NoFilter,1,234
173.0028015258934,173.0028015258934,0.0,0.1354586008051355,0.07291666666666667,0.0,795,HC-MARL-NoFilter,1,235
165.65784954185978,165.65784954185978,0.0,0.21486692659772844,0.0,0.0,772,HC-MARL-NoFilter,1,236
169.6586786639909,169.6586786639909,0.0,0.21759474450745264,0.041666666666666664,0.0,780,HC-MARL-NoFilter,1,237
175.3555065059508,175.3555065059508,0.0,0.21873483076651512,0.0,0.0,790,HC-MARL-NoFilter,1,238
166.14921857309602,166.14921857309602,0.0,0.1643300390714778,0.08333333333333333,0.0,797,HC-MARL-NoFilter,1,239
162.2863193142856,162.2863193142856,0.0,0.5105687513619526,0.0,0.0,756,HC-MARL-NoFilter,1,240
164.6705877629057,164.6705877629057,0.0,0.25018836537991096,0.08333333333333333,0.0,834,HC-MARL-NoFilter,1,241
178.39227755243994,178.39227755243994,0.0,0.3154269972451791,0.03125,0.0,809,HC-MARL-NoFilter,1,242
174.11390203082,174.11390203082,0.0,0.22556894243641235,0.0625,0.0,830,HC-MARL-NoFilter,1,243
165.6731900972078,165.6731900972078,0.0,0.15992233803392597,0.0,0.0,752,HC-MARL-NoFilter,1,244
166.61643786639357,166.61643786639357,0.0,0.3974358974358974,0.0,0.0,812,HC-MARL-NoFilter,1,245
173.24424149564052,173.24424149564052,0.0,0.1010344827586207,0.11458333333333333,0.0,830,HC-MARL-NoFilter,1,246
177.59626768516762,177.59626768516762,0.0,0.22821280844387404,0.07291666666666667,0.0,813,HC-MARL-NoFilter,1,247
172.7321295136275,172.7321295136275,0.0,0.1621294051836658,0.052083333333333336,0.0,796,HC-MARL-NoFilter,1,248
171.86734774153882,171.86734774153882,0.0,0.1805594405594405,0.0,0.0,804,HC-MARL-NoFilter,1,249
171.91705837994994,171.91705837994994,0.0,0.33220394669295056,0.23958333333333334,0.0,800,HC-MARL-NoFilter,2,0
173.0695685452748,173.0695685452748,0.0,0.22979160826091016,0.23958333333333334,0.0,784,HC-MARL-NoFilter,2,1
178.37408279298106,178.37408279298106,0.0,0.20317537072856218,0.23958333333333334,0.0,773,HC-MARL-NoFilter,2,2
171.01637100075004,171.01637100075004,0.0,0.3192050749452647,0.15625,0.0,798,HC-MARL-NoFilter,2,3
162.1120191246662,162.1120191246662,0.0,0.17636545234715867,0.17708333333333334,0.0,757,HC-MARL-NoFilter,2,4
167.82879052473,167.82879052473,0.0,0.20513073832575912,0.3645833333333333,0.0,765,HC-MARL-NoFilter,2,5
179.60444193346095,179.60444193346095,0.0,0.1862748272010618,0.22916666666666666,0.0,781,HC-MARL-NoFilter,2,6
156.7502726945713,156.7502726945713,0.0,0.45216485934307726,0.34375,0.0,783,HC-MARL-NoFilter,2,7
181.71693742881234,181.71693742881234,0.0,0.27264106211474626,0.2604166666666667,0.0,796,HC-MARL-NoFilter,2,8
181.38013368017445,181.38013368017445,0.0,0.1374270251843014,0.3541666666666667,0.0,812,HC-MARL-NoFilter,2,9
173.19423039571822,173.19423039571822,0.0,0.48670212765957444,0.40625,0.0,853,HC-MARL-NoFilter,2,10
166.30333698164577,166.30333698164577,0.0,0.10363580183335053,0.0625,0.0,734,HC-MARL-NoFilter,2,11
173.0127572885248,173.0127572885248,0.0,0.26727160239224584,0.19791666666666666,0.0,769,HC-MARL-NoFilter,2,12
165.39582328228005,165.39582328228005,0.0,0.27222222222222225,0.25,0.0,747,HC-MARL-NoFilter,2,13
183.98079039675392,183.98079039675392,0.0,0.26429813124728374,0.3333333333333333,0.0,837,HC-MARL-NoFilter,2,14
179.90255358869717,179.90255358869717,0.0,0.3327896467819995,0.3541666666666667,0.0,805,HC-MARL-NoFilter,2,15
177.10905613177675,177.10905613177675,0.0,0.29049648061395045,0.25,0.0,825,HC-MARL-NoFilter,2,16
176.26096674567262,176.26096674567262,0.0,0.1764911056853855,0.20833333333333334,0.0,775,HC-MARL-NoFilter,2,17
172.09608641103253,172.09608641103253,0.0,0.4713238430790134,0.375,0.0,806,HC-MARL-NoFilter,2,18
184.1714554653671,184.1714554653671,0.0,0.40329093478699773,0.3229166666666667,0.0,825,HC-MARL-NoFilter,2,19
180.9553315704528,180.9553315704528,0.0,0.4706038840117053,0.3020833333333333,0.0,783,HC-MARL-NoFilter,2,20
164.31384359614734,164.31384359614734,0.0,0.28203578336557056,0.4479166666666667,0.0,796,HC-MARL-NoFilter,2,21
166.63385833447595,166.63385833447595,0.0,0.22637150720154275,0.3645833333333333,0.0,762,HC-MARL-NoFilter,2,22
172.78340594807378,172.78340594807378,0.0,0.3264876369894032,0.3020833333333333,0.0,801,HC-MARL-NoFilter,2,23
175.0019970782142,175.0019970782142,0.0,0.3044748718733268,0.28125,0.0,816,HC-MARL-NoFilter,2,24
175.88936189239325,175.88936189239325,0.0,0.41454545454545466,0.3229166666666667,0.0,797,HC-MARL-NoFilter,2,25
174.7455450369605,174.7455450369605,0.0,0.19380833671517195,0.375,0.0,804,HC-MARL-NoFilter,2,26
174.6320053308624,174.6320053308624,0.0,0.37627702542171537,0.34375,0.0,800,HC-MARL-NoFilter,2,27
171.06071980231835,171.06071980231835,0.0,0.2049767698243956,0.17708333333333334,0.0,790,HC-MARL-NoFilter,2,28
163.317936602362,163.317936602362,0.0,0.2673130193905816,0.3020833333333333,0.0,769,HC-MARL-NoFilter,2,29
180.64115177010322,180.64115177010322,0.0,0.3255464809031948,0.19791666666666666,0.0,751,HC-MARL-NoFilter,2,30
177.37959845793577,177.37959845793577,0.0,0.29326780654913365,0.3645833333333333,0.0,815,HC-MARL-NoFilter,2,31
181.73570901306064,181.73570901306064,0.0,0.2685032312844945,0.3020833333333333,0.0,818,HC-MARL-NoFilter,2,32
176.5880403031669,176.5880403031669,0.0,0.21291959406713512,0.3229166666666667,0.0,798,HC-MARL-NoFilter,2,33
180.22751791832067,180.22751791832067,0.0,0.10001791447903319,0.3958333333333333,0.0,799,HC-MARL-NoFilter,2,34
176.2216741341919,176.2216741341919,0.0,0.18650638943036613,0.3333333333333333,0.0,824,HC-MARL-NoFilter,2,35
170.10443802335334,170.10443802335334,0.0,0.26388888888888895,0.34375,0.0,778,HC-MARL-NoFilter,2,36
175.03434769127077,175.03434769127077,0.0,0.3975570556091288,0.3229166666666667,0.0,752,HC-MARL-NoFilter,2,37
168.80867149041785,168.80867149041785,0.0,0.20589424406851797,0.40625,0.0,786,HC-MARL-NoFilter,2,38
173.0581468152734,173.0581468152734,0.0,0.21338599956111481,0.20833333333333334,0.0,780,HC-MARL-NoFilter,2,39
173.60314561277215,173.60314561277215,0.0,0.1195159717841372,0.10416666666666667,0.0,745,HC-MARL-NoFilter,2,40
178.08049145507388,178.08049145507388,0.0,0.11041790453555156,0.2916666666666667,0.0,832,HC-MARL-NoFilter,2,41
183.10222975908715,183.10222975908715,0.0,0.33403820343955803,0.17708333333333334,0.0,793,HC-MARL-NoFilter,2,42
172.3191631629614,172.3191631629614,0.0,0.30880983423356306,0.4166666666666667,0.0,791,HC-MARL-NoFilter,2,43
171.68543270070805,171.68543270070805,0.0,0.2558812369569342,0.2604166666666667,0.0,797,HC-MARL-NoFilter,2,44
168.69829737671398,168.69829737671398,0.0,0.19823509823509822,0.09375,0.0,739,HC-MARL-NoFilter,2,45
175.5169112012621,175.5169112012621,0.0,0.15236781609195404,0.28125,0.0,793,HC-MARL-NoFilter,2,46
172.60903398076812,172.60903398076812,0.0,0.23953464742938424,0.3125,0.0,768,HC-MARL-NoFilter,2,47
180.69152293572725,180.69152293572725,0.0,0.16524592174659636,0.2916666666666667,0.0,781,HC-MARL-NoFilter,2,48
166.5339535974399,166.5339535974399,0.0,0.2290140967377775,0.4791666666666667,0.0,835,HC-MARL-NoFilter,2,49
164.60284510443827,164.60284510443827,0.0,0.0973240198730877,0.10416666666666667,0.0,759,HC-MARL-NoFilter,2,50
182.0157727119372,182.0157727119372,0.0,0.23093446601941747,0.40625,0.0,831,HC-MARL-NoFilter,2,51
166.87636386770052,166.87636386770052,0.0,0.09893773523623928,0.2708333333333333,0.0,747,HC-MARL-NoFilter,2,52
178.40339971292377,178.40339971292377,0.0,0.37175142375872317,0.3645833333333333,0.0,799,HC-MARL-NoFilter,2,53
181.23404002550598,181.23404002550598,0.0,0.26721036219716965,0.3125,0.0,793,HC-MARL-NoFilter,2,54
177.3735463197769,177.3735463197769,0.0,0.22372728055818758,0.4270833333333333,0.0,821,HC-MARL-NoFilter,2,55
180.33217923878087,180.33217923878087,0.0,0.4540404040404041,0.3020833333333333,0.0,780,HC-MARL-NoFilter,2,56
176.019211669087,176.019211669087,0.0,0.16952753704221424,0.21875,0.0,765,HC-MARL-NoFilter,2,57
189.97149559998823,189.97149559998823,0.0,0.15280739161336176,0.21875,0.0,752,HC-MARL-NoFilter,2,58
180.15274037213925,180.15274037213925,0.0,0.13776595744680853,0.20833333333333334,0.0,775,HC-MARL-NoFilter,2,59
172.44347247595573,172.44347247595573,0.0,0.26981214504150286,0.3854166666666667,0.0,797,HC-MARL-NoFilter,2,60
172.36318398577686,172.36318398577686,0.0,0.28680025920941127,0.21875,0.0,768,HC-MARL-NoFilter,2,61
172.2543881333664,172.2543881333664,0.0,0.14840351006562935,0.3020833333333333,0.0,810,HC-MARL-NoFilter,2,62
175.2603423208199,175.2603423208199,0.0,0.3683348323268663,0.3020833333333333,0.0,781,HC-MARL-NoFilter,2,63
178.70548425829097,178.70548425829097,0.0,0.15815056029115993,0.3229166666666667,0.0,857,HC-MARL-NoFilter,2,64
178.12035162890416,178.12035162890416,0.0,0.3743982552727466,0.22916666666666666,0.0,758,HC-MARL-NoFilter,2,65
172.8131806281603,172.8131806281603,0.0,0.28988778877887783,0.2708333333333333,0.0,766,HC-MARL-NoFilter,2,66
182.54280650094321,182.54280650094321,0.0,0.42194965528298867,0.28125,0.0,796,HC-MARL-NoFilter,2,67
166.95414157952467,166.95414157952467,0.0,0.20212564606537087,0.13541666666666666,0.0,744,HC-MARL-NoFilter,2,68
178.28461912678827,178.28461912678827,0.0,0.13359746817094675,0.22916666666666666,0.0,779,HC-MARL-NoFilter,2,69
164.40221058962268,164.40221058962268,0.0,0.3120759837177748,0.21875,0.0,766,HC-MARL-NoFilter,2,70
178.57046019571706,178.57046019571706,0.0,0.1551906325860346,0.3020833333333333,0.0,796,HC-MARL-NoFilter,2,71
176.79447553502794,176.79447553502794,0.0,0.19361085879792284,0.34375,0.0,762,HC-MARL-NoFilter,2,72
160.1759348778157,160.1759348778157,0.0,0.1600535348763974,0.08333333333333333,0.0,752,HC-MARL-NoFilter,2,73
176.75947477084316,176.75947477084316,0.0,0.13172176107955924,0.28125,0.0,774,HC-MARL-NoFilter,2,74
174.49972999029694,174.49972999029694,0.0,0.10820417913368174,0.25,0.0,749,HC-MARL-NoFilter,2,75
156.51227501384423,156.51227501384423,0.0,0.1794982299522856,0.23958333333333334,0.0,810,HC-MARL-NoFilter,2,76
180.04059690546703,180.04059690546703,0.0,0.16355140186915884,0.2708333333333333,0.0,794,HC-MARL-NoFilter,2,77
174.33310356572142,174.33310356572142,0.0,0.13592876442299517,0.28125,0.0,774,HC-MARL-NoFilter,2,78
175.49283454290813,175.49283454290813,0.0,0.044149512459371654,0.13541666666666666,0.0,777,HC-MARL-NoFilter,2,79
171.0525953394338,171.0525953394338,0.0,0.26201790633608824,0.23958333333333334,0.0,749,HC-MARL-NoFilter,2,80
172.63429303406437,172.63429303406437,0.0,0.32490914792746595,0.3229166666666667,0.0,736,HC-MARL-NoFilter,2,81
175.6596345236382,175.6596345236382,0.0,0.2928893525373536,0.40625,0.0,823,HC-MARL-NoFilter,2,82
157.69312682355763,157.69312682355763,0.0,0.36953836652771366,0.3645833333333333,0.0,845,HC-MARL-NoFilter,2,83
185.0690966810425,185.0690966810425,0.0,0.09627182633317599,0.15625,0.0,786,HC-MARL-NoFilter,2,84
187.94507153059604,187.94507153059604,0.0,0.10344164055198202,0.2916666666666667,0.0,823,HC-MARL-NoFilter,2,85
181.7812621765919,181.7812621765919,0.0,0.21128290314336828,0.3333333333333333,0.0,767,HC-MARL-NoFilter,2,86
167.4059429299555,167.4059429299555,0.0,0.3462913046099261,0.17708333333333334,0.0,786,HC-MARL-NoFilter,2,87
178.789621342628,178.789621342628,0.0,0.13431253785584485,0.2916666666666667,0.0,779,HC-MARL-NoFilter,2,88
164.86815865292252,164.86815865292252,0.0,0.34125181950509476,0.20833333333333334,0.0,731,HC-MARL-NoFilter,2,89
181.32232245605522,181.32232245605522,0.0,0.4022988505747127,0.17708333333333334,0.0,745,HC-MARL-NoFilter,2,90
177.74274581704853,177.74274581704853,0.0,0.11796246648793562,0.19791666666666666,0.0,766,HC-MARL-NoFilter,2,91
170.72547472050726,170.72547472050726,0.0,0.1000188912911148,0.20833333333333334,0.0,789,HC-MARL-NoFilter,2,92
176.88126337918436,176.88126337918436,0.0,0.30939056928998143,0.3020833333333333,0.0,804,HC-MARL-NoFilter,2,93
169.20258013153645,169.20258013153645,0.0,0.1572982715473088,0.3541666666666667,0.0,814,HC-MARL-NoFilter,2,94
178.26363730128213,178.26363730128213,0.0,0.25937031484257866,0.3645833333333333,0.0,811,HC-MARL-NoFilter,2,95
172.5348433917798,172.5348433917798,0.0,0.13585450707257285,0.16666666666666666,0.0,752,HC-MARL-NoFilter,2,96
170.78252016253793,170.78252016253793,0.0,0.42955311026274423,0.2708333333333333,0.0,807,HC-MARL-NoFilter,2,97
167.93386908189947,167.93386908189947,0.0,0.16267806267806262,0.3958333333333333,0.0,809,HC-MARL-NoFilter,2,98
170.39359843968063,170.39359843968063,0.0,0.22950045101155458,0.375,0.0,822,HC-MARL-NoFilter,2,99
167.47680680368248,167.47680680368248,0.0,0.3202815825984934,0.3229166666666667,0.0,787,HC-MARL-NoFilter,2,100
175.74283612951373,175.74283612951373,0.0,0.23983128134974918,0.14583333333333334,0.0,774,HC-MARL-NoFilter,2,101
178.21814534644054,178.21814534644054,0.0,0.16367421285454076,0.16666666666666666,0.0,758,HC-MARL-NoFilter,2,102
175.6727050709868,175.6727050709868,0.0,0.5549625111195832,0.20833333333333334,0.0,760,HC-MARL-NoFilter,2,103
174.7944773810641,174.7944773810641,0.0,0.0964993386498183,0.20833333333333334,0.0,775,HC-MARL-NoFilter,2,104
175.51001428567992,175.51001428567992,0.0,0.21706364126792105,0.10416666666666667,0.0,759,HC-MARL-NoFilter,2,105
170.70089584991544,170.70089584991544,0.0,0.18272750489486678,0.3229166666666667,0.0,745,HC-MARL-NoFilter,2,106
164.49341796765327,164.49341796765327,0.0,0.2537384211691063,0.13541666666666666,0.0,700,HC-MARL-NoFilter,2,107
169.04289683084744,169.04289683084744,0.0,0.22057620934767563,0.25,0.0,804,HC-MARL-NoFilter,2,108
172.91086320953826,172.91086320953826,0.0,0.4224076451290828,0.3333333333333333,0.0,848,HC-MARL-NoFilter,2,109
169.87125289485195,169.87125289485195,0.0,0.09815204678362577,0.25,0.0,745,HC-MARL-NoFilter,2,110
174.95636242550015,174.95636242550015,0.0,0.15691924617717046,0.20833333333333334,0.0,774,HC-MARL-NoFilter,2,111
180.2982170251452,180.2982170251452,0.0,0.12667887667887667,0.3020833333333333,0.0,767,HC-MARL-NoFilter,2,112
176.98671641773367,176.98671641773367,0.0,0.08037634408602146,0.23958333333333334,0.0,786,HC-MARL-NoFilter,2,113
173.1635406507837,173.1635406507837,0.0,0.10364129658717691,0.3229166666666667,0.0,804,HC-MARL-NoFilter,2,114
179.4582307688087,179.4582307688087,0.0,0.15749669749009254,0.34375,0.0,793,HC-MARL-NoFilter,2,115
183.90717160237094,183.90717160237094,0.0,0.312542115902965,0.20833333333333334,0.0,791,HC-MARL-NoFilter,2,116
174.38346144283992,174.38346144283992,0.0,0.11685823754789271,0.15625,0.0,769,HC-MARL-NoFilter,2,117
183.48776491675676,183.48776491675676,0.0,0.12263471962829686,0.20833333333333334,0.0,783,HC-MARL-NoFilter,2,118
179.68957656486347,179.68957656486347,0.0,0.21833798295563112,0.19791666666666666,0.0,821,HC-MARL-NoFilter,2,119
176.78952620972936,176.78952620972936,0.0,0.18871559390916537,0.3333333333333333,0.0,768,HC-MARL-NoFilter,2,120
171.5620446106181,171.5620446106181,0.0,0.24735449735449733,0.21875,0.0,774,HC-MARL-NoFilter,2,121
172.0608490374005,172.0608490374005,0.0,0.3339664450775562,0.20833333333333334,0.0,748,HC-MARL-NoFilter,2,122
168.28179696914276,168.28179696914276,0.0,0.2741562275592436,0.2708333333333333,0.0,789,HC-MARL-NoFilter,2,123
171.6800149226887,171.6800149226887,0.0,0.2715814111637397,0.3541666666666667,0.0,783,HC-MARL-NoFilter,2,124
178.19045731551063,178.19045731551063,0.0,0.27666569257744,0.28125,0.0,792,HC-MARL-NoFilter,2,125
167.668250051591,167.668250051591,0.0,0.1911386796632698,0.40625,0.0,843,HC-MARL-NoFilter,2,126
175.6213544990067,175.6213544990067,0.0,0.19214760860678592,0.375,0.0,778,HC-MARL-NoFilter,2,127
174.8300196131115,174.8300196131115,0.0,0.08713006785653188,0.40625,0.0,801,HC-MARL-NoFilter,2,128
173.22577787709912,173.22577787709912,0.0,0.3772175536881419,0.4166666666666667,0.0,846,HC-MARL-NoFilter,2,129
169.8952350317904,169.8952350317904,0.0,0.27195945945945943,0.20833333333333334,0.0,774,HC-MARL-NoFilter,2,130
182.56559795550805,182.56559795550805,0.0,0.11599217166422027,0.28125,0.0,783,HC-MARL-NoFilter,2,131
171.06903604136104,171.06903604136104,0.0,0.20607431242790364,0.375,0.0,793,HC-MARL-NoFilter,2,132
167.56273780998933,167.56273780998933,0.0,0.11020687557042896,0.08333333333333333,0.0,732,HC-MARL-NoFilter,2,133
172.60953751392742,172.60953751392742,0.0,0.12680361946686225,0.2708333333333333,0.0,781,HC-MARL-NoFilter,2,134
175.71391451353114,175.71391451353114,0.0,0.10627607686431217,0.28125,0.0,767,HC-MARL-NoFilter,2,135
177.67885420704775,177.67885420704775,0.0,0.1657534246575343,0.3854166666666667,0.0,799,HC-MARL-NoFilter,2,136
190.18898783943095,190.18898783943095,0.0,0.09228115567054762,0.19791666666666666,0.0,782,HC-MARL-NoFilter,2,137
176.47421177219945,176.47421177219945,0.0,0.1999786916684424,0.3333333333333333,0.0,793,HC-MARL-NoFilter,2,138
171.41156164720206,171.41156164720206,0.0,0.1817287314562519,0.15625,0.0,749,HC-MARL-NoFilter,2,139
172.5907967707388,172.5907967707388,0.0,0.17856018836913823,0.10416666666666667,0.0,739,HC-MARL-NoFilter,2,140
160.59801185756743,160.59801185756743,0.0,0.22520670008139498,0.40625,0.0,824,HC-MARL-NoFilter,2,141
184.63104275303226,184.63104275303226,0.0,0.34215413184772525,0.21875,0.0,777,HC-MARL-NoFilter,2,142
182.58511503238478,182.58511503238478,0.0,0.07385834109972034,0.2708333333333333,0.0,793,HC-MARL-NoFilter,2,143
173.6061121247985,173.6061121247985,0.0,0.2621080402254652,0.34375,0.0,819,HC-MARL-NoFilter,2,144
185.13465185313484,185.13465185313484,0.0,0.15501215501215504,0.22916666666666666,0.0,794,HC-MARL-NoFilter,2,145
173.65048212016447,173.65048212016447,0.0,0.23243479953289226,0.3229166666666667,0.0,811,HC-MARL-NoFilter,2,146
171.8770530830857,171.8770530830857,0.0,0.24094374448278633,0.15625,0.0,754,HC-MARL-NoFilter,2,147
167.4867510330293,167.4867510330293,0.0,0.3224504504504504,0.3541666666666667,0.0,818,HC-MARL-NoFilter,2,148
177.99473420505893,177.99473420505893,0.0,0.2695335900727429,0.3229166666666667,0.0,828,HC-MARL-NoFilter,2,149
170.91729914246403,170.91729914246403,0.0,0.28690605117097606,0.11458333333333333,0.0,746,HC-MARL-NoFilter,2,150
179.58937774047578,179.58937774047578,0.0,0.37063255505878456,0.3958333333333333,0.0,839,HC-MARL-NoFilter,2,151
177.33685954022758,177.33685954022758,0.0,0.42097537961523,0.17708333333333334,0.0,809,HC-MARL-NoFilter,2,152
170.24207586015635,170.24207586015635,0.0,0.29942373826563795,0.1875,0.0,784,HC-MARL-NoFilter,2,153
178.15116785770462,178.15116785770462,0.0,0.21490039840637443,0.34375,0.0,806,HC-MARL-NoFilter,2,154
180.3589911332165,180.3589911332165,0.0,0.1985971780442053,0.4583333333333333,0.0,833,HC-MARL-NoFilter,2,155
172.0120289291686,172.0120289291686,0.0,0.06240362447323089,0.2916666666666667,0.0,813,HC-MARL-NoFilter,2,156
175.88592984727555,175.88592984727555,0.0,0.10817532771535587,0.2916666666666667,0.0,798,HC-MARL-NoFilter,2,157
181.59497164361488,181.59497164361488,0.0,0.336405215373063,0.3645833333333333,0.0,820,HC-MARL-NoFilter,2,158
166.4529286503733,166.4529286503733,0.0,0.2707732718303544,0.3958333333333333,0.0,798,HC-MARL-NoFilter,2,159
169.99021707031355,169.99021707031355,0.0,0.1616260162601626,0.34375,0.0,841,HC-MARL-NoFilter,2,160
177.59691688922533,177.59691688922533,0.0,0.14028399750581033,0.3958333333333333,0.0,790,HC-MARL-NoFilter,2,161
176.79678257352535,176.79678257352535,0.0,0.2929577464788732,0.3229166666666667,0.0,774,HC-MARL-NoFilter,2,162
179.4240009807201,179.4240009807201,0.0,0.1363814530446612,0.3229166666666667,0.0,791,HC-MARL-NoFilter,2,163
172.49842004182304,172.49842004182304,0.0,0.19297580880209853,0.2708333333333333,0.0,733,HC-MARL-NoFilter,2,164
170.78162908497106,170.78162908497106,0.0,0.32172131147540983,0.3125,0.0,792,HC-MARL-NoFilter,2,165
169.20318017766544,169.20318017766544,0.0,0.20394644115574345,0.010416666666666666,0.0,777,HC-MARL-NoFilter,2,166
174.27170848479855,174.27170848479855,0.0,0.09199303742384679,0.23958333333333334,0.0,784,HC-MARL-NoFilter,2,167
171.29520582766907,171.29520582766907,0.0,0.19182914668550782,0.1875,0.0,771,HC-MARL-NoFilter,2,168
175.258698076423,175.258698076423,0.0,0.20300963904840041,0.20833333333333334,0.0,776,HC-MARL-NoFilter,2,169
175.28948209062173,175.28948209062173,0.0,0.27948906777724175,0.10416666666666667,0.0,783,HC-MARL-NoFilter,2,170
176.14222248115263,176.14222248115263,0.0,0.2040585300406692,0.3958333333333333,0.0,845,HC-MARL-NoFilter,2,171
172.23632378947698,172.23632378947698,0.0,0.20470027247956402,0.3020833333333333,0.0,776,HC-MARL-NoFilter,2,172
170.91405363565087,170.91405363565087,0.0,0.17263157894736836,0.28125,0.0,778,HC-MARL-NoFilter,2,173
165.6735311404838,165.6735311404838,0.0,0.3717117337574941,0.3541666666666667,0.0,803,HC-MARL-NoFilter,2,174
175.85211784918437,175.85211784918437,0.0,0.2896701786532295,0.3541666666666667,0.0,793,HC-MARL-NoFilter,2,175
185.07972897179266,185.07972897179266,0.0,0.16779362907953876,0.3125,0.0,784,HC-MARL-NoFilter,2,176
176.5235495438514,176.5235495438514,0.0,0.13845352146550693,0.21875,0.0,739,HC-MARL-NoFilter,2,177
170.4798253047295,170.4798253047295,0.0,0.36412429378531075,0.22916666666666666,0.0,768,HC-MARL-NoFilter,2,178
176.88023838795993,176.88023838795993,0.0,0.21117382544066832,0.3125,0.0,794,HC-MARL-NoFilter,2,179
167.91125873364203,167.91125873364203,0.0,0.4178870292887029,0.3333333333333333,0.0,763,HC-MARL-NoFilter,2,180
177.20134259194387,177.20134259194387,0.0,0.15485733861890083,0.25,0.0,771,HC-MARL-NoFilter,2,181
178.93662490322373,178.93662490322373,0.0,0.156266318537859,0.22916666666666666,0.0,800,HC-MARL-NoFilter,2,182
173.1765384602498,173.1765384602498,0.0,0.2538931359462848,0.10416666666666667,0.0,759,HC-MARL-NoFilter,2,183
167.96508940642786,167.96508940642786,0.0,0.21087626596213127,0.3125,0.0,827,HC-MARL-NoFilter,2,184
179.56383896267053,179.56383896267053,0.0,0.17037917037917039,0.40625,0.0,807,HC-MARL-NoFilter,2,185
168.76009906759907,168.76009906759907,0.0,0.19191832655101027,0.28125,0.0,834,HC-MARL-NoFilter,2,186
171.60412398755656,171.60412398755656,0.0,0.3767053248534731,0.2916666666666667,0.0,810,HC-MARL-NoFilter,2,187
171.46705731300005,171.46705731300005,0.0,0.22042780748663104,0.20833333333333334,0.0,792,HC-MARL-NoFilter,2,188
187.24190251177194,187.24190251177194,0.0,0.36753039334619175,0.4479166666666667,0.0,858,HC-MARL-NoFilter,2,189
166.5495168436184,166.5495168436184,0.0,0.29026036644165865,0.17708333333333334,0.0,759,HC-MARL-NoFilter,2,190
165.2871970549021,165.2871970549021,0.0,0.20685873940996213,0.3541666666666667,0.0,811,HC-MARL-NoFilter,2,191
172.58828582864575,172.58828582864575,0.0,0.1826867733394728,0.19791666666666666,0.0,709,HC-MARL-NoFilter,2,192
186.94258195794572,186.94258195794572,0.0,0.0468470542402295,0.3333333333333333,0.0,787,HC-MARL-NoFilter,2,193
176.51893671443,176.51893671443,0.0,0.1611769872639438,0.1875,0.0,772,HC-MARL-NoFilter,2,194
182.32145536429334,182.32145536429334,0.0,0.08342605874545872,0.28125,0.0,796,HC-MARL-NoFilter,2,195
175.31385950391615,175.31385950391615,0.0,0.14639639639639634,0.3020833333333333,0.0,794,HC-MARL-NoFilter,2,196
178.75560849238482,178.75560849238482,0.0,0.27114695340501793,0.22916666666666666,0.0,784,HC-MARL-NoFilter,2,197
178.77799985832883,178.77799985832883,0.0,0.12149502493594244,0.21875,0.0,796,HC-MARL-NoFilter,2,198
162.38465356855187,162.38465356855187,0.0,0.18204719387755097,0.23958333333333334,0.0,769,HC-MARL-NoFilter,2,199
174.5881944308914,174.5881944308914,0.0,0.22207149696776252,0.3541666666666667,0.0,795,HC-MARL-NoFilter,2,200
174.42195757931444,174.42195757931444,0.0,0.25482476455148984,0.15625,0.0,791,HC-MARL-NoFilter,2,201
178.44823590625057,178.44823590625057,0.0,0.17471620227038187,0.125,0.0,775,HC-MARL-NoFilter,2,202
171.5184814532826,171.5184814532826,0.0,0.5163540647833841,0.28125,0.0,803,HC-MARL-NoFilter,2,203
169.35554252378165,169.35554252378165,0.0,0.30362021857923494,0.10416666666666667,0.0,740,HC-MARL-NoFilter,2,204
175.56052125312453,175.56052125312453,0.0,0.2537735849056604,0.25,0.0,815,HC-MARL-NoFilter,2,205
173.2777158857622,173.2777158857622,0.0,0.11697044166837323,0.3541666666666667,0.0,805,HC-MARL-NoFilter,2,206
173.41859252675437,173.41859252675437,0.0,0.15463981437200003,0.052083333333333336,0.0,717,HC-MARL-NoFilter,2,207
179.484963086887,179.484963086887,0.0,0.25837001467253573,0.3125,0.0,804,HC-MARL-NoFilter,2,208
178.5047641268933,178.5047641268933,0.0,0.25215721040189126,0.17708333333333334,0.0,785,HC-MARL-NoFilter,2,209
180.12039176342793,180.12039176342793,0.0,0.10382791327913277,0.3125,0.0,778,HC-MARL-NoFilter,2,210
185.52152126132125,185.52152126132125,0.0,0.17356398610740043,0.21875,0.0,794,HC-MARL-NoFilter,2,211
174.0692920478216,174.0692920478216,0.0,0.19788999525841638,0.1875,0.0,770,HC-MARL-NoFilter,2,212
172.6869690178392,172.6869690178392,0.0,0.3401639344262295,0.3333333333333333,0.0,774,HC-MARL-NoFilter,2,213
174.94287596013802,174.94287596013802,0.0,0.3033643115875745,0.4375,0.0,778,HC-MARL-NoFilter,2,214
163.84956725132872,163.84956725132872,0.0,0.13033953189888547,0.34375,0.0,792,HC-MARL-NoFilter,2,215
179.28664573171926,179.28664573171926,0.0,0.17874476987447696,0.28125,0.0,748,HC-MARL-NoFilter,2,216
172.75905232370047,172.75905232370047,0.0,0.2622385402759234,0.3229166666666667,0.0,797,HC-MARL-NoFilter,2,217
169.28924143331875,169.28924143331875,0.0,0.3288564376799671,0.1875,0.0,781,HC-MARL-NoFilter,2,218
169.4617901557937,169.4617901557937,0.0,0.12372408713037986,0.14583333333333334,0.0,726,HC-MARL-NoFilter,2,219
173.07041489124384,173.07041489124384,0.0,0.17627295623631323,0.28125,0.0,822,HC-MARL-NoFilter,2,220
176.432622380887,176.432622380887,0.0,0.30667759331711963,0.34375,0.0,810,HC-MARL-NoFilter,2,221
177.45597559289277,177.45597559289277,0.0,0.1356065059768764,0.3854166666666667,0.0,770,HC-MARL-NoFilter,2,222
176.41218413090388,176.41218413090388,0.0,0.22192772981342013,0.23958333333333334,0.0,753,HC-MARL-NoFilter,2,223
182.95615613801513,182.95615613801513,0.0,0.21966731898238745,0.3958333333333333,0.0,786,HC-MARL-NoFilter,2,224
172.48992085683872,172.48992085683872,0.0,0.19002135738016135,0.3333333333333333,0.0,743,HC-MARL-NoFilter,2,225
176.58894675365934,176.58894675365934,0.0,0.27213313519787685,0.3854166666666667,0.0,830,HC-MARL-NoFilter,2,226
181.8042410178401,181.8042410178401,0.0,0.22488888888888892,0.23958333333333334,0.0,776,HC-MARL-NoFilter,2,227
171.2509726251171,171.2509726251171,0.0,0.21117166212534055,0.3333333333333333,0.0,752,HC-MARL-NoFilter,2,228
181.45904333051848,181.45904333051848,0.0,0.18722922517579954,0.3125,0.0,779,HC-MARL-NoFilter,2,229
188.63833648630163,188.63833648630163,0.0,0.2805236195066705,0.4166666666666667,0.0,864,HC-MARL-NoFilter,2,230
170.6497809133161,170.6497809133161,0.0,0.1938866776977774,0.23958333333333334,0.0,768,HC-MARL-NoFilter,2,231
169.6506236702045,169.6506236702045,0.0,0.24982575283710118,0.2604166666666667,0.0,764,HC-MARL-NoFilter,2,232
164.5083334067893,164.5083334067893,0.0,0.2575016511665268,0.23958333333333334,0.0,762,HC-MARL-NoFilter,2,233
168.09159813627446,168.09159813627446,0.0,0.2684404466900525,0.3333333333333333,0.0,838,HC-MARL-NoFilter,2,234
161.6241124505879,161.6241124505879,0.0,0.2843951985226223,0.28125,0.0,783,HC-MARL-NoFilter,2,235
177.25783934150093,177.25783934150093,0.0,0.11964057653712823,0.25,0.0,789,HC-MARL-NoFilter,2,236
181.59909944394275,181.59909944394275,0.0,0.11861302539268637,0.2916666666666667,0.0,783,HC-MARL-NoFilter,2,237
176.59620753837666,176.59620753837666,0.0,0.2086817168338907,0.10416666666666667,0.0,739,HC-MARL-NoFilter,2,238
165.82964956691166,165.82964956691166,0.0,0.14095561759113162,0.40625,0.0,842,HC-MARL-NoFilter,2,239
165.04038391282774,165.04038391282774,0.0,0.2944444444444444,0.15625,0.0,762,HC-MARL-NoFilter,2,240
174.07739421602636,174.07739421602636,0.0,0.25724916284261445,0.3020833333333333,0.0,778,HC-MARL-NoFilter,2,241
188.28867966123724,188.28867966123724,0.0,0.24336171554714592,0.3645833333333333,0.0,794,HC-MARL-NoFilter,2,242
175.10484273792437,175.10484273792437,0.0,0.3462354638825227,0.3229166666666667,0.0,766,HC-MARL-NoFilter,2,243
177.09986599082643,177.09986599082643,0.0,0.1289473684210526,0.3125,0.0,833,HC-MARL-NoFilter,2,244
178.76352970073694,178.76352970073694,0.0,0.3237045860631328,0.23958333333333334,0.0,781,HC-MARL-NoFilter,2,245
174.63741336330395,174.63741336330395,0.0,0.1854115153655952,0.25,0.0,795,HC-MARL-NoFilter,2,246
160.3854122057722,160.3854122057722,0.0,0.18853373921867078,0.15625,0.0,745,HC-MARL-NoFilter,2,247
168.95137362366737,168.95137362366737,0.0,0.17310417051684845,0.3229166666666667,0.0,810,HC-MARL-NoFilter,2,248
183.03421459341874,183.03421459341874,0.0,0.24267528793695697,0.19791666666666666,0.0,743,HC-MARL-NoFilter,2,249
