episode,reward,safety_violations
0,100.0,0
1,100.0,0
2,100.0,0
3,100.0,0
4,100.0,0
5,100.0,0
6,50.0,1
7,100.0,0
8,100.0,0
9,100.0,0
10,100.0,0
11,100.0,0
12,100.0,0
13,50.0,1
14,50.0,1
15,100.0,0
16,100.0,0
17,100.0,0
18,100.0,0
19,100.0,0
20,100.0,0
21,50.0,1
22,100.0,0
23,100.0,0
24,100.0,0
25,100.0,0
26,100.0,0
27,100.0,0
28,100.0,0
29,100.0,0
30,100.0,0
31,100.0,0
32,100.0,0
33,100.0,0
34,100.0,0
35,50.0,1
36,100.0,0
37,100.0,0
38,100.0,0
39,50.0,1
40,100.0,0
41,50.0,1
42,100.0,0
43,100.0,0
44,100.0,0
45,100.0,0
46,100.0,0
47,100.0,0
48,100.0,0
49,100.0,0
50,100.0,0
51,100.0,0
52,100.0,0
53,100.0,0
54,100.0,0
55,100.0,0
56,100.0,0
57,100.0,0
58,100.0,0
59,100.0,0
60,100.0,0
61,100.0,0
62,100.0,0
63,100.0,0
64,100.0,0
65,100.0,0
66,50.0,1
67,50.0,1
68,100.0,0
69,50.0,1
70,100.0,0
71,100.0,0
72,50.0,1
73,100.0,0
74,50.0,1
75,100.0,0
76,50.0,1
77,100.0,0
78,100.0,0
79,100.0,0
80,100.0,0
81,100.0,0
82,100.0,0
83,100.0,0
84,100.0,0
85,100.0,0
86,100.0,0
87,100.0,0
88,100.0,0
89,100.0,0
90,100.0,0
91,100.0,0
92,100.0,0
93,50.0,1
94,100.0,0
95,100.0,0
96,50.0,1
97,50.0,1
98,100.0,0
99,100.0,0
100,100.0,0
101,100.0,0
102,100.0,0
103,100.0,0
104,50.0,1
105,100.0,0
106,100.0,0
107,100.0,0
108,50.0,1
109,100.0,0
110,100.0,0
111,100.0,0
112,100.0,0
113,100.0,0
114,50.0,1
115,100.0,0
116,100.0,0
117,100.0,0
118,100.0,0
119,100.0,0
120,100.0,0
121,50.0,1
122,100.0,0
123,100.0,0
124,100.0,0
125,100.0,0
126,100.0,0
127,50.0,1
128,100.0,0
129,50.0,1
130,100.0,0
131,100.0,0
132,50.0,1
133,50.0,1
134,50.0,1
135,100.0,0
136,100.0,0
137,100.0,0
138,100.0,0
139,100.0,0
140,100.0,0
141,100.0,0
142,100.0,0
143,100.0,0
144,50.0,1
145,50.0,1
146,100.0,0
147,100.0,0
148,100.0,0
149,100.0,0
150,100.0,0
151,100.0,0
152,100.0,0
153,100.0,0
154,100.0,0
155,100.0,0
156,100.0,0
157,100.0,0
158,100.0,0
159,100.0,0
160,100.0,0
161,100.0,0
162,100.0,0
163,50.0,1
164,100.0,0
165,100.0,0
166,100.0,0
167,50.0,1
168,100.0,0
169,100.0,0
170,100.0,0
171,100.0,0
172,50.0,1
173,100.0,0
174,100.0,0
175,100.0,0
176,100.0,0
177,100.0,0
178,50.0,1
179,100.0,0
180,100.0,0
181,100.0,0
182,50.0,1
183,100.0,0
184,100.0,0
185,100.0,0
186,100.0,0
187,100.0,0
188,100.0,0
189,50.0,1
190,100.0,0
191,100.0,0
192,100.0,0
193,50.0,1
194,50.0,1
195,100.0,0
196,50.0,1
197,100.0,0
198,100.0,0
199,100.0,0
200,50.0,1
201,100.0,0
202,50.0,1
203,100.0,0
204,100.0,0
205,100.0,0
206,50.0,1
207,100.0,0
208,100.0,0
209,50.0,1
210,100.0,0
211,50.0,1
212,100.0,0
213,100.0,0
214,100.0,0
215,100.0,0
216,50.0,1
217,100.0,0
218,100.0,0
219,100.0,0
220,100.0,0
221,100.0,0
222,100.0,0
223,50.0,1
224,100.0,0
225,100.0,0
226,100.0,0
227,50.0,1
228,100.0,0
229,100.0,0
230,50.0,1
231,100.0,0
232,100.0,0
233,100.0,0
234,100.0,0
235,100.0,0
236,100.0,0
237,100.0,0
238,100.0,0
239,100.0,0
240,100.0,0
241,100.0,0
242,100.0,0
243,100.0,0
244,100.0,0
245,100.0,0
246,50.0,1
247,100.0,0
248,50.0,1
249,100.0,0
250,100.0,0
251,100.0,0
252,100.0,0
253,50.0,1
254,100.0,0
255,100.0,0
256,100.0,0
257,100.0,0
258,100.0,0
259,50.0,1
260,100.0,0
261,100.0,0
262,100.0,0
263,100.0,0
264,100.0,0
265,100.0,0
266,50.0,1
267,100.0,0
268,100.0,0
269,50.0,1
270,100.0,0
271,50.0,1
272,100.0,0
273,100.0,0
274,100.0,0
275,100.0,0
276,100.0,0
277,100.0,0
278,100.0,0
279,100.0,0
280,100.0,0
281,100.0,0
282,100.0,0
283,50.0,1
284,100.0,0
285,100.0,0
286,100.0,0
287,100.0,0
288,100.0,0
289,50.0,1
290,50.0,1
291,100.0,0
292,100.0,0
293,50.0,1
294,100.0,0
295,50.0,1
296,100.0,0
297,100.0,0
298,100.0,0
299,100.0,0
300,100.0,0
301,100.0,0
302,100.0,0
303,100.0,0
304,100.0,0
305,100.0,0
306,50.0,1
307,100.0,0
308,50.0,1
309,100.0,0
310,100.0,0
311,100.0,0
312,100.0,0
313,50.0,1
314,100.0,0
315,50.0,1
316,50.0,1
317,100.0,0
318,100.0,0
319,100.0,0
320,100.0,0
321,100.0,0
322,100.0,0
323,100.0,0
324,100.0,0
325,50.0,1
326,50.0,1
327,100.0,0
328,100.0,0
329,100.0,0
330,100.0,0
331,50.0,1
332,100.0,0
333,50.0,1
334,100.0,0
335,100.0,0
336,100.0,0
337,100.0,0
338,100.0,0
339,100.0,0
340,100.0,0
341,100.0,0
342,100.0,0
343,100.0,0
344,100.0,0
345,100.0,0
346,100.0,0
347,100.0,0
348,100.0,0
349,100.0,0
350,50.0,1
351,100.0,0
352,50.0,1
353,100.0,0
354,100.0,0
355,100.0,0
356,100.0,0
357,100.0,0
358,50.0,1
359,50.0,1
360,100.0,0
361,100.0,0
362,100.0,0
363,100.0,0
364,100.0,0
365,100.0,0
366,100.0,0
367,100.0,0
368,100.0,0
369,100.0,0
370,50.0,1
371,100.0,0
372,100.0,0
373,100.0,0
374,100.0,0
375,100.0,0
376,100.0,0
377,100.0,0
378,100.0,0
379,100.0,0
380,100.0,0
381,100.0,0
382,100.0,0
383,100.0,0
384,50.0,1
385,50.0,1
386,50.0,1
387,100.0,0
388,100.0,0
389,100.0,0
390,100.0,0
391,100.0,0
392,100.0,0
393,50.0,1
394,100.0,0
395,50.0,1
396,100.0,0
397,100.0,0
398,50.0,1
399,50.0,1
400,100.0,0
401,100.0,0
402,50.0,1
403,100.0,0
404,100.0,0
405,100.0,0
406,100.0,0
407,100.0,0
408,100.0,0
409,100.0,0
410,100.0,0
411,100.0,0
412,100.0,0
413,100.0,0
414,100.0,0
415,100.0,0
416,100.0,0
417,100.0,0
418,50.0,1
419,100.0,0
420,50.0,1
421,50.0,1
422,100.0,0
423,50.0,1
424,100.0,0
425,100.0,0
426,100.0,0
427,50.0,1
428,100.0,0
429,100.0,0
430,100.0,0
431,100.0,0
432,100.0,0
433,100.0,0
434,100.0,0
435,100.0,0
436,100.0,0
437,100.0,0
438,100.0,0
439,100.0,0
440,100.0,0
441,100.0,0
442,100.0,0
443,100.0,0
444,100.0,0
445,100.0,0
446,100.0,0
447,50.0,1
448,100.0,0
449,100.0,0
450,100.0,0
451,50.0,1
452,100.0,0
453,100.0,0
454,100.0,0
455,100.0,0
456,100.0,0
457,100.0,0
458,100.0,0
459,100.0,0
460,100.0,0
461,100.0,0
462,100.0,0
463,100.0,0
464,100.0,0
465,50.0,1
466,100.0,0
467,100.0,0
468,100.0,0
469,100.0,0
470,50.0,1
471,100.0,0
472,50.0,1
473,100.0,0
474,100.0,0
475,100.0,0
476,100.0,0
477,100.0,0
478,100.0,0
479,50.0,1
480,100.0,0
481,50.0,1
482,100.0,0
483,100.0,0
484,100.0,0
485,100.0,0
486,100.0,0
487,100.0,0
488,100.0,0
489,50.0,1
490,50.0,1
491,100.0,0
492,50.0,1
493,100.0,0
494,100.0,0
495,100.0,0
496,100.0,0
497,50.0,1
498,100.0,0
499,100.0,0
